latitude,longitude,bright_ti4,scan,track,acq_date,acq_time,satellite,confidence,version,bright_ti5,frp,daynight,source,temp_c,datetime,dt_nearest_hour
34.09503,-118.53008,332.52,0.68,0.74,2025-01-09,08:41,N21,nominal,2.0NRT,303.09,83.7,N,J2,29.939999999999998,2025-01-09 08:41:00+00:00,2025-01-09 09:00:00+00:00
34.19695,-118.12712,296.56,0.64,0.72,2025-01-09,08:41,N21,nominal,2.0NRT,283.69,2.14,N,J2,10.54000000000002,2025-01-09 08:41:00+00:00,2025-01-09 09:00:00+00:00
34.19439,-118.05814,301.14,0.64,0.72,2025-01-09,08:41,N21,nominal,2.0NRT,283.35,2.53,N,J2,10.200000000000045,2025-01-09 08:41:00+00:00,2025-01-09 09:00:00+00:00
34.19419,-118.05276,296.19,0.64,0.72,2025-01-09,08:41,N21,nominal,2.0NRT,282.35,1.78,N,J2,9.200000000000045,2025-01-09 08:41:00+00:00,2025-01-09 09:00:00+00:00
34.19139,-118.15855,296.96,0.65,0.73,2025-01-09,08:41,N21,nominal,2.0NRT,281.59,2.0,N,J2,8.439999999999998,2025-01-09 08:41:00+00:00,2025-01-09 09:00:00+00:00
34.19113,-118.15117,305.95,0.65,0.73,2025-01-09,08:41,N21,nominal,2.0NRT,285.68,2.52,N,J2,12.53000000000003,2025-01-09 08:41:00+00:00,2025-01-09 09:00:00+00:00
34.19086,-118.14372,299.99,0.64,0.72,2025-01-09,08:41,N21,nominal,2.0NRT,285.19,2.52,N,J2,12.04000000000002,2025-01-09 08:41:00+00:00,2025-01-09 09:00:00+00:00
34.19059,-118.13631,302.61,0.64,0.72,2025-01-09,08:41,N21,nominal,2.0NRT,285.15,2.14,N,J2,12.0,2025-01-09 08:41:00+00:00,2025-01-09 09:00:00+00:00
34.19033,-118.12902,303.25,0.64,0.72,2025-01-09,08:41,N21,nominal,2.0NRT,284.75,2.14,N,J2,11.600000000000023,2025-01-09 08:41:00+00:00,2025-01-09 09:00:00+00:00
34.19007,-118.12199,295.88,0.64,0.72,2025-01-09,08:41,N21,nominal,2.0NRT,283.69,3.26,N,J2,10.54000000000002,2025-01-09 08:41:00+00:00,2025-01-09 09:00:00+00:00
34.18639,-118.02132,301.8,0.63,0.72,2025-01-09,08:41,N21,nominal,2.0NRT,281.16,1.63,N,J2,8.010000000000048,2025-01-09 08:41:00+00:00,2025-01-09 09:00:00+00:00
34.19722,-118.13458,296.24,0.64,0.72,2025-01-09,08:41,N21,nominal,2.0NRT,284.72,2.14,N,J2,11.57000000000005,2025-01-09 08:41:00+00:00,2025-01-09 09:00:00+00:00
34.17985,-118.02438,330.77,0.63,0.72,2025-01-09,08:41,N21,nominal,2.0NRT,284.47,7.62,N,J2,11.32000000000005,2025-01-09 08:41:00+00:00,2025-01-09 09:00:00+00:00
34.18369,-118.13047,301.11,0.64,0.72,2025-01-09,08:41,N21,nominal,2.0NRT,283.76,3.97,N,J2,10.610000000000014,2025-01-09 08:41:00+00:00,2025-01-09 09:00:00+00:00
34.15245,-118.19527,297.47,0.65,0.73,2025-01-09,08:41,N21,nominal,2.0NRT,280.09,0.85,N,J2,6.939999999999998,2025-01-09 08:41:00+00:00,2025-01-09 09:00:00+00:00
34.09571,-118.5553,332.49,0.68,0.74,2025-01-09,08:41,N21,nominal,2.0NRT,285.45,44.65,N,J2,12.300000000000011,2025-01-09 08:41:00+00:00,2025-01-09 09:00:00+00:00
34.0955,-118.54762,349.67,0.68,0.74,2025-01-09,08:41,N21,nominal,2.0NRT,295.42,44.65,N,J2,22.27000000000004,2025-01-09 08:41:00+00:00,2025-01-09 09:00:00+00:00
34.09534,-118.54162,367.0,0.68,0.74,2025-01-09,08:41,N21,high,2.0NRT,300.09,89.73,N,J2,26.939999999999998,2025-01-09 08:41:00+00:00,2025-01-09 09:00:00+00:00
34.09519,-118.53606,355.44,0.68,0.74,2025-01-09,08:41,N21,nominal,2.0NRT,316.98,89.73,N,J2,43.83000000000004,2025-01-09 08:41:00+00:00,2025-01-09 09:00:00+00:00
34.04205,-118.63398,314.62,0.69,0.74,2025-01-09,08:41,N21,nominal,2.0NRT,282.2,3.63,N,J2,9.050000000000011,2025-01-09 08:41:00+00:00,2025-01-09 09:00:00+00:00
34.09482,-118.52248,349.08,0.68,0.74,2025-01-09,08:41,N21,nominal,2.0NRT,297.05,83.7,N,J2,23.900000000000034,2025-01-09 08:41:00+00:00,2025-01-09 09:00:00+00:00
34.09458,-118.51386,296.6,0.68,0.74,2025-01-09,08:41,N21,nominal,2.0NRT,282.84,15.82,N,J2,9.689999999999998,2025-01-09 08:41:00+00:00,2025-01-09 09:00:00+00:00
34.08838,-118.53621,335.23,0.68,0.74,2025-01-09,08:41,N21,nominal,2.0NRT,293.69,8.84,N,J2,20.54000000000002,2025-01-09 08:41:00+00:00,2025-01-09 09:00:00+00:00
34.17961,-118.01781,328.22,0.63,0.72,2025-01-09,08:41,N21,nominal,2.0NRT,283.57,7.62,N,J2,10.420000000000016,2025-01-09 08:41:00+00:00,2025-01-09 09:00:00+00:00
34.19749,-118.14225,297.75,0.64,0.72,2025-01-09,08:41,N21,nominal,2.0NRT,285.22,2.52,N,J2,12.07000000000005,2025-01-09 08:41:00+00:00,2025-01-09 09:00:00+00:00
34.19777,-118.14996,302.55,0.65,0.73,2025-01-09,08:41,N21,nominal,2.0NRT,285.15,2.52,N,J2,12.0,2025-01-09 08:41:00+00:00,2025-01-09 09:00:00+00:00
34.19806,-118.15755,296.4,0.65,0.73,2025-01-09,08:41,N21,nominal,2.0NRT,282.23,2.0,N,J2,9.080000000000041,2025-01-09 08:41:00+00:00,2025-01-09 09:00:00+00:00
34.19453,-118.14021,299.93,0.65,0.73,2025-01-09,08:41,N21,nominal,2.0NRT,285.68,2.88,N,J2,12.53000000000003,2025-01-09 08:41:00+00:00,2025-01-09 09:00:00+00:00
34.1943,-118.1327,301.85,0.64,0.72,2025-01-09,08:41,N21,nominal,2.0NRT,285.06,2.88,N,J2,11.910000000000025,2025-01-09 08:41:00+00:00,2025-01-09 09:00:00+00:00
34.19196,-118.05694,296.05,0.64,0.72,2025-01-09,08:41,N21,nominal,2.0NRT,282.3,1.18,N,J2,9.150000000000034,2025-01-09 08:41:00+00:00,2025-01-09 09:00:00+00:00
34.18415,-118.02006,345.75,0.63,0.72,2025-01-09,08:41,N21,nominal,2.0NRT,285.02,12.43,N,J2,11.870000000000005,2025-01-09 08:41:00+00:00,2025-01-09 09:00:00+00:00
34.18833,-118.15644,298.34,0.65,0.73,2025-01-09,08:41,N21,nominal,2.0NRT,282.18,2.05,N,J2,9.03000000000003,2025-01-09 08:41:00+00:00,2025-01-09 09:00:00+00:00
34.18811,-118.14909,297.87,0.65,0.73,2025-01-09,08:41,N21,nominal,2.0NRT,283.45,2.05,N,J2,10.300000000000011,2025-01-09 08:41:00+00:00,2025-01-09 09:00:00+00:00
34.18766,-118.13443,303.04,0.64,0.72,2025-01-09,08:41,N21,nominal,2.0NRT,284.45,2.88,N,J2,11.300000000000011,2025-01-09 08:41:00+00:00,2025-01-09 09:00:00+00:00
34.18744,-118.12722,301.68,0.64,0.72,2025-01-09,08:41,N21,nominal,2.0NRT,284.53,3.03,N,J2,11.379999999999995,2025-01-09 08:41:00+00:00,2025-01-09 09:00:00+00:00
34.18723,-118.12022,296.59,0.64,0.72,2025-01-09,08:41,N21,nominal,2.0NRT,283.54,3.03,N,J2,10.390000000000043,2025-01-09 08:41:00+00:00,2025-01-09 09:00:00+00:00
34.18101,-118.13572,295.69,0.64,0.72,2025-01-09,08:41,N21,nominal,2.0NRT,281.5,1.33,N,J2,8.350000000000023,2025-01-09 08:41:00+00:00,2025-01-09 09:00:00+00:00
34.1776,-118.02348,306.93,0.63,0.72,2025-01-09,08:41,N21,nominal,2.0NRT,283.4,2.39,N,J2,10.25,2025-01-09 08:41:00+00:00,2025-01-09 09:00:00+00:00
34.21788,-118.15088,344.23,0.65,0.73,2025-01-09,08:41,N21,nominal,2.0NRT,285.15,9.48,N,J2,12.0,2025-01-09 08:41:00+00:00,2025-01-09 09:00:00+00:00
34.21819,-118.15897,311.99,0.65,0.73,2025-01-09,08:41,N21,nominal,2.0NRT,281.16,9.48,N,J2,8.010000000000048,2025-01-09 08:41:00+00:00,2025-01-09 09:00:00+00:00
34.21754,-118.14172,299.1,0.65,0.73,2025-01-09,08:41,N21,nominal,2.0NRT,280.65,4.31,N,J2,7.5,2025-01-09 08:41:00+00:00,2025-01-09 09:00:00+00:00
34.2156,-118.09071,296.5,0.64,0.72,2025-01-09,08:41,N21,nominal,2.0NRT,280.7,1.9,N,J2,7.550000000000011,2025-01-09 08:41:00+00:00,2025-01-09 09:00:00+00:00
34.21539,-118.08495,302.56,0.64,0.72,2025-01-09,08:41,N21,nominal,2.0NRT,281.54,1.9,N,J2,8.390000000000043,2025-01-09 08:41:00+00:00,2025-01-09 09:00:00+00:00
34.21498,-118.0743,302.76,0.64,0.72,2025-01-09,08:41,N21,nominal,2.0NRT,280.85,2.97,N,J2,7.7000000000000455,2025-01-09 08:41:00+00:00,2025-01-09 09:00:00+00:00
34.2079,-118.06344,329.61,0.64,0.72,2025-01-09,08:41,N21,nominal,2.0NRT,285.91,6.79,N,J2,12.760000000000048,2025-01-09 08:41:00+00:00,2025-01-09 09:00:00+00:00
34.20771,-118.05827,326.71,0.64,0.72,2025-01-09,08:41,N21,nominal,2.0NRT,285.85,11.11,N,J2,12.700000000000045,2025-01-09 08:41:00+00:00,2025-01-09 09:00:00+00:00
34.20904,-118.09344,302.44,0.64,0.72,2025-01-09,08:41,N21,nominal,2.0NRT,280.6,2.09,N,J2,7.4500000000000455,2025-01-09 08:41:00+00:00,2025-01-09 09:00:00+00:00
34.20882,-118.08756,296.29,0.64,0.72,2025-01-09,08:41,N21,nominal,2.0NRT,281.73,2.09,N,J2,8.580000000000041,2025-01-09 08:41:00+00:00,2025-01-09 09:00:00+00:00
34.20845,-118.0779,316.34,0.64,0.72,2025-01-09,08:41,N21,nominal,2.0NRT,282.41,6.79,N,J2,9.260000000000048,2025-01-09 08:41:00+00:00,2025-01-09 09:00:00+00:00
34.20441,-118.14849,295.17,0.65,0.73,2025-01-09,08:41,N21,nominal,2.0NRT,282.29,2.39,N,J2,9.140000000000043,2025-01-09 08:41:00+00:00,2025-01-09 09:00:00+00:00
34.08822,-118.53068,337.46,0.68,0.74,2025-01-09,08:41,N21,nominal,2.0NRT,292.46,22.68,N,J2,19.310000000000002,2025-01-09 08:41:00+00:00,2025-01-09 09:00:00+00:00
34.08804,-118.52406,367.0,0.68,0.74,2025-01-09,08:41,N21,high,2.0NRT,299.0,22.68,N,J2,25.850000000000023,2025-01-09 08:41:00+00:00,2025-01-09 09:00:00+00:00
34.08923,-118.56838,314.57,0.68,0.74,2025-01-09,08:41,N21,nominal,2.0NRT,284.86,22.88,N,J2,11.710000000000036,2025-01-09 08:41:00+00:00,2025-01-09 09:00:00+00:00
34.08897,-118.5582,301.39,0.68,0.74,2025-01-09,08:41,N21,nominal,2.0NRT,285.66,6.42,N,J2,12.510000000000048,2025-01-09 08:41:00+00:00,2025-01-09 09:00:00+00:00
34.0815,-118.5816,367.0,0.68,0.74,2025-01-09,08:41,N21,high,2.0NRT,296.17,35.54,N,J2,23.02000000000004,2025-01-09 08:41:00+00:00,2025-01-09 09:00:00+00:00
34.0813,-118.57521,367.0,0.68,0.74,2025-01-09,08:41,N21,high,2.0NRT,292.73,35.54,N,J2,19.58000000000004,2025-01-09 08:41:00+00:00,2025-01-09 09:00:00+00:00
34.0811,-118.56898,339.97,0.68,0.74,2025-01-09,08:41,N21,nominal,2.0NRT,287.69,7.51,N,J2,14.54000000000002,2025-01-09 08:41:00+00:00,2025-01-09 09:00:00+00:00
34.08082,-118.56026,311.0,0.68,0.74,2025-01-09,08:41,N21,nominal,2.0NRT,283.43,7.51,N,J2,10.28000000000003,2025-01-09 08:41:00+00:00,2025-01-09 09:00:00+00:00
34.07944,-118.51742,307.5,0.68,0.74,2025-01-09,08:41,N21,nominal,2.0NRT,286.3,3.51,N,J2,13.150000000000034,2025-01-09 08:41:00+00:00,2025-01-09 09:00:00+00:00
34.07922,-118.51037,296.57,0.68,0.74,2025-01-09,08:41,N21,nominal,2.0NRT,283.45,2.1,N,J2,10.300000000000011,2025-01-09 08:41:00+00:00,2025-01-09 09:00:00+00:00
34.07759,-118.6758,303.99,0.69,0.74,2025-01-09,08:41,N21,nominal,2.0NRT,283.14,2.25,N,J2,9.990000000000009,2025-01-09 08:41:00+00:00,2025-01-09 09:00:00+00:00
34.07567,-118.61394,313.68,0.69,0.74,2025-01-09,08:41,N21,nominal,2.0NRT,283.82,4.56,N,J2,10.670000000000016,2025-01-09 08:41:00+00:00,2025-01-09 09:00:00+00:00
34.07405,-118.56218,318.81,0.68,0.74,2025-01-09,08:41,N21,nominal,2.0NRT,285.94,7.51,N,J2,12.79000000000002,2025-01-09 08:41:00+00:00,2025-01-09 09:00:00+00:00
34.07373,-118.5519,299.49,0.68,0.74,2025-01-09,08:41,N21,nominal,2.0NRT,283.49,3.58,N,J2,10.340000000000032,2025-01-09 08:41:00+00:00,2025-01-09 09:00:00+00:00
34.07071,-118.67532,367.0,0.69,0.74,2025-01-09,08:41,N21,high,2.0NRT,296.93,61.0,N,J2,23.78000000000003,2025-01-09 08:41:00+00:00,2025-01-09 09:00:00+00:00
34.06884,-118.61414,320.87,0.69,0.74,2025-01-09,08:41,N21,nominal,2.0NRT,285.02,6.07,N,J2,11.870000000000005,2025-01-09 08:41:00+00:00,2025-01-09 09:00:00+00:00
34.07038,-118.66469,297.41,0.69,0.74,2025-01-09,08:41,N21,nominal,2.0NRT,281.57,21.22,N,J2,8.420000000000016,2025-01-09 08:41:00+00:00,2025-01-09 09:00:00+00:00
34.0693,-118.62918,300.34,0.69,0.74,2025-01-09,08:41,N21,nominal,2.0NRT,281.26,1.87,N,J2,8.110000000000014,2025-01-09 08:41:00+00:00,2025-01-09 09:00:00+00:00
34.06864,-118.6078,315.32,0.69,0.74,2025-01-09,08:41,N21,nominal,2.0NRT,283.95,3.65,N,J2,10.800000000000011,2025-01-09 08:41:00+00:00,2025-01-09 09:00:00+00:00
34.06845,-118.6017,305.25,0.68,0.74,2025-01-09,08:41,N21,nominal,2.0NRT,283.21,3.65,N,J2,10.060000000000002,2025-01-09 08:41:00+00:00,2025-01-09 09:00:00+00:00
34.06723,-118.56203,298.03,0.68,0.74,2025-01-09,08:41,N21,nominal,2.0NRT,285.26,1.64,N,J2,12.110000000000014,2025-01-09 08:41:00+00:00,2025-01-09 09:00:00+00:00
34.05998,-118.54856,324.07,0.68,0.74,2025-01-09,08:41,N21,nominal,2.0NRT,283.26,6.48,N,J2,10.110000000000014,2025-01-09 08:41:00+00:00,2025-01-09 09:00:00+00:00
34.05322,-118.55074,298.17,0.68,0.74,2025-01-09,08:41,N21,nominal,2.0NRT,283.1,2.69,N,J2,9.950000000000045,2025-01-09 08:41:00+00:00,2025-01-09 09:00:00+00:00
34.05233,-118.5218,296.52,0.68,0.74,2025-01-09,08:41,N21,nominal,2.0NRT,285.43,2.16,N,J2,12.28000000000003,2025-01-09 08:41:00+00:00,2025-01-09 09:00:00+00:00
34.04646,-118.5526,312.68,0.68,0.74,2025-01-09,08:41,N21,nominal,2.0NRT,283.8,2.69,N,J2,10.650000000000034,2025-01-09 08:41:00+00:00,2025-01-09 09:00:00+00:00
34.04623,-118.5453,311.77,0.68,0.74,2025-01-09,08:41,N21,nominal,2.0NRT,287.35,4.57,N,J2,14.200000000000045,2025-01-09 08:41:00+00:00,2025-01-09 09:00:00+00:00
34.04601,-118.53809,309.26,0.68,0.74,2025-01-09,08:41,N21,nominal,2.0NRT,286.51,4.57,N,J2,13.360000000000014,2025-01-09 08:41:00+00:00,2025-01-09 09:00:00+00:00
34.08176,-118.58967,367.0,0.68,0.74,2025-01-09,08:41,N21,high,2.0NRT,293.75,36.99,N,J2,20.600000000000023,2025-01-09 08:41:00+00:00,2025-01-09 09:00:00+00:00
34.19476,-118.14783,300.82,0.65,0.73,2025-01-09,08:41,N21,nominal,2.0NRT,285.76,2.05,N,J2,12.610000000000014,2025-01-09 08:41:00+00:00,2025-01-09 09:00:00+00:00
34.08202,-118.59769,367.0,0.68,0.74,2025-01-09,08:41,N21,high,2.0NRT,284.65,36.99,N,J2,11.5,2025-01-09 08:41:00+00:00,2025-01-09 09:00:00+00:00
34.08684,-118.5355,311.76,0.68,0.74,2025-01-09,08:41,N21,nominal,2.0NRT,288.88,70.34,N,J2,15.730000000000018,2025-01-09 08:41:00+00:00,2025-01-09 09:00:00+00:00
34.08871,-118.54879,311.55,0.68,0.74,2025-01-09,08:41,N21,nominal,2.0NRT,284.86,6.42,N,J2,11.710000000000036,2025-01-09 08:41:00+00:00,2025-01-09 09:00:00+00:00
34.08853,-118.54201,310.56,0.68,0.74,2025-01-09,08:41,N21,nominal,2.0NRT,288.14,8.84,N,J2,14.990000000000009,2025-01-09 08:41:00+00:00,2025-01-09 09:00:00+00:00
34.08783,-118.51618,297.84,0.68,0.74,2025-01-09,08:41,N21,nominal,2.0NRT,282.92,5.91,N,J2,9.770000000000039,2025-01-09 08:41:00+00:00,2025-01-09 09:00:00+00:00
34.0832,-118.59861,345.03,0.68,0.74,2025-01-09,08:41,N21,nominal,2.0NRT,282.85,31.79,N,J2,9.700000000000045,2025-01-09 08:41:00+00:00,2025-01-09 09:00:00+00:00
34.08299,-118.59057,367.0,0.68,0.74,2025-01-09,08:41,N21,high,2.0NRT,295.07,49.92,N,J2,21.920000000000016,2025-01-09 08:41:00+00:00,2025-01-09 09:00:00+00:00
34.08278,-118.5827,367.0,0.68,0.74,2025-01-09,08:41,N21,high,2.0NRT,295.95,49.92,N,J2,22.80000000000001,2025-01-09 08:41:00+00:00,2025-01-09 09:00:00+00:00
34.08261,-118.57607,367.0,0.68,0.74,2025-01-09,08:41,N21,high,2.0NRT,293.68,22.88,N,J2,20.53000000000003,2025-01-09 08:41:00+00:00,2025-01-09 09:00:00+00:00
34.08245,-118.56987,367.0,0.68,0.74,2025-01-09,08:41,N21,high,2.0NRT,292.61,22.88,N,J2,19.460000000000036,2025-01-09 08:41:00+00:00,2025-01-09 09:00:00+00:00
34.08222,-118.56129,308.23,0.68,0.74,2025-01-09,08:41,N21,nominal,2.0NRT,283.15,6.42,N,J2,10.0,2025-01-09 08:41:00+00:00,2025-01-09 09:00:00+00:00
34.08107,-118.51801,305.81,0.68,0.74,2025-01-09,08:41,N21,nominal,2.0NRT,285.6,5.91,N,J2,12.450000000000045,2025-01-09 08:41:00+00:00,2025-01-09 09:00:00+00:00
34.08087,-118.5108,298.64,0.68,0.74,2025-01-09,08:41,N21,nominal,2.0NRT,283.5,5.91,N,J2,10.350000000000023,2025-01-09 08:41:00+00:00,2025-01-09 09:00:00+00:00
34.09428,-118.55453,346.42,0.68,0.74,2025-01-09,08:41,N21,nominal,2.0NRT,287.11,21.74,N,J2,13.960000000000036,2025-01-09 08:41:00+00:00,2025-01-09 09:00:00+00:00
34.09403,-118.54699,349.31,0.68,0.74,2025-01-09,08:41,N21,nominal,2.0NRT,296.56,47.3,N,J2,23.410000000000025,2025-01-09 08:41:00+00:00,2025-01-09 09:00:00+00:00
34.09384,-118.54105,367.0,0.68,0.74,2025-01-09,08:41,N21,high,2.0NRT,303.93,47.3,N,J2,30.78000000000003,2025-01-09 08:41:00+00:00,2025-01-09 09:00:00+00:00
34.09366,-118.53548,354.32,0.68,0.74,2025-01-09,08:41,N21,nominal,2.0NRT,324.37,70.34,N,J2,51.22000000000003,2025-01-09 08:41:00+00:00,2025-01-09 09:00:00+00:00
34.09347,-118.52952,336.33,0.68,0.74,2025-01-09,08:41,N21,nominal,2.0NRT,306.75,70.34,N,J2,33.60000000000002,2025-01-09 08:41:00+00:00,2025-01-09 09:00:00+00:00
34.09322,-118.52195,347.57,0.68,0.74,2025-01-09,08:41,N21,nominal,2.0NRT,305.2,33.84,N,J2,32.05000000000001,2025-01-09 08:41:00+00:00,2025-01-09 09:00:00+00:00
34.09294,-118.51353,299.12,0.68,0.74,2025-01-09,08:41,N21,nominal,2.0NRT,283.2,33.84,N,J2,10.050000000000011,2025-01-09 08:41:00+00:00,2025-01-09 09:00:00+00:00
34.08855,-118.58831,323.17,0.68,0.74,2025-01-09,08:41,N21,nominal,2.0NRT,284.04,5.35,N,J2,10.890000000000043,2025-01-09 08:41:00+00:00,2025-01-09 09:00:00+00:00
34.0879,-118.56786,367.0,0.68,0.74,2025-01-09,08:41,N21,high,2.0NRT,290.1,21.74,N,J2,16.950000000000045,2025-01-09 08:41:00+00:00,2025-01-09 09:00:00+00:00
34.08645,-118.52332,340.17,0.68,0.74,2025-01-09,08:41,N21,nominal,2.0NRT,288.46,33.84,N,J2,15.310000000000002,2025-01-09 08:41:00+00:00,2025-01-09 09:00:00+00:00
34.08755,-118.55727,298.0,0.68,0.74,2025-01-09,08:41,N21,nominal,2.0NRT,284.53,21.74,N,J2,11.379999999999995,2025-01-09 08:41:00+00:00,2025-01-09 09:00:00+00:00
34.08703,-118.54129,297.51,0.68,0.74,2025-01-09,08:41,N21,nominal,2.0NRT,285.16,47.3,N,J2,12.010000000000048,2025-01-09 08:41:00+00:00,2025-01-09 09:00:00+00:00
34.08666,-118.52995,308.26,0.68,0.74,2025-01-09,08:41,N21,nominal,2.0NRT,287.85,70.34,N,J2,14.700000000000045,2025-01-09 08:41:00+00:00,2025-01-09 09:00:00+00:00
34.04578,-118.53066,299.41,0.68,0.74,2025-01-09,08:41,N21,nominal,2.0NRT,284.61,2.16,N,J2,11.460000000000036,2025-01-09 08:41:00+00:00,2025-01-09 09:00:00+00:00
34.19499,-118.1554,304.15,0.65,0.73,2025-01-09,08:41,N21,nominal,2.0NRT,284.93,2.05,N,J2,11.78000000000003,2025-01-09 08:41:00+00:00,2025-01-09 09:00:00+00:00
34.20141,-118.14642,298.53,0.65,0.73,2025-01-09,08:41,N21,nominal,2.0NRT,284.57,3.92,N,J2,11.420000000000016,2025-01-09 08:41:00+00:00,2025-01-09 09:00:00+00:00
34.19871,-118.05993,296.39,0.64,0.72,2025-01-09,08:41,N21,nominal,2.0NRT,282.25,5.01,N,J2,9.100000000000023,2025-01-09 08:41:00+00:00,2025-01-09 09:00:00+00:00
33.85184,-118.33241,301.75,0.66,0.73,2025-01-09,08:41,N21,nominal,2.0NRT,284.88,2.33,N,J2,11.730000000000018,2025-01-09 08:41:00+00:00,2025-01-09 09:00:00+00:00
34.03877,-118.52408,296.98,0.68,0.74,2025-01-09,08:41,N21,nominal,2.0NRT,284.23,1.55,N,J2,11.080000000000041,2025-01-09 08:41:00+00:00,2025-01-09 09:00:00+00:00
34.03899,-118.53159,298.08,0.68,0.74,2025-01-09,08:41,N21,nominal,2.0NRT,285.15,1.55,N,J2,12.0,2025-01-09 08:41:00+00:00,2025-01-09 09:00:00+00:00
34.03947,-118.54718,298.69,0.68,0.74,2025-01-09,08:41,N21,nominal,2.0NRT,283.3,3.0,N,J2,10.150000000000034,2025-01-09 08:41:00+00:00,2025-01-09 09:00:00+00:00
34.03969,-118.55454,301.58,0.68,0.74,2025-01-09,08:41,N21,nominal,2.0NRT,283.43,2.1,N,J2,10.28000000000003,2025-01-09 08:41:00+00:00,2025-01-09 09:00:00+00:00
34.22173,-118.15388,334.97,0.65,0.73,2025-01-09,08:41,N21,nominal,2.0NRT,282.88,7.01,N,J2,9.730000000000018,2025-01-09 08:41:00+00:00,2025-01-09 09:00:00+00:00
34.22143,-118.1446,299.79,0.65,0.73,2025-01-09,08:41,N21,nominal,2.0NRT,280.66,5.57,N,J2,7.510000000000048,2025-01-09 08:41:00+00:00,2025-01-09 09:00:00+00:00
34.04555,-118.52302,300.02,0.68,0.74,2025-01-09,08:41,N21,nominal,2.0NRT,286.27,2.16,N,J2,13.120000000000005,2025-01-09 08:41:00+00:00,2025-01-09 09:00:00+00:00
34.21515,-118.15753,310.68,0.65,0.73,2025-01-09,08:41,N21,nominal,2.0NRT,281.35,7.01,N,J2,8.200000000000045,2025-01-09 08:41:00+00:00,2025-01-09 09:00:00+00:00
34.21279,-118.08321,331.58,0.64,0.72,2025-01-09,08:41,N21,nominal,2.0NRT,285.0,5.06,N,J2,11.850000000000023,2025-01-09 08:41:00+00:00,2025-01-09 09:00:00+00:00
34.20529,-118.05727,320.12,0.64,0.72,2025-01-09,08:41,N21,nominal,2.0NRT,285.53,5.01,N,J2,12.379999999999995,2025-01-09 08:41:00+00:00,2025-01-09 09:00:00+00:00
34.20546,-118.06264,330.38,0.64,0.72,2025-01-09,08:41,N21,nominal,2.0NRT,286.67,5.01,N,J2,13.520000000000039,2025-01-09 08:41:00+00:00,2025-01-09 09:00:00+00:00
34.20578,-118.07273,304.91,0.64,0.72,2025-01-09,08:41,N21,nominal,2.0NRT,283.21,5.4,N,J2,10.060000000000002,2025-01-09 08:41:00+00:00,2025-01-09 09:00:00+00:00
34.21298,-118.08936,308.28,0.64,0.72,2025-01-09,08:41,N21,nominal,2.0NRT,281.84,3.04,N,J2,8.689999999999998,2025-01-09 08:41:00+00:00,2025-01-09 09:00:00+00:00
34.21313,-118.09404,295.14,0.64,0.72,2025-01-09,08:41,N21,nominal,2.0NRT,281.71,3.04,N,J2,8.560000000000002,2025-01-09 08:41:00+00:00,2025-01-09 09:00:00+00:00
34.21489,-118.14928,312.25,0.65,0.73,2025-01-09,08:41,N21,nominal,2.0NRT,282.3,5.57,N,J2,9.150000000000034,2025-01-09 08:41:00+00:00,2025-01-09 09:00:00+00:00
34.21235,-118.06949,301.88,0.64,0.72,2025-01-09,08:41,N21,nominal,2.0NRT,280.75,5.06,N,J2,7.600000000000023,2025-01-09 08:41:00+00:00,2025-01-09 09:00:00+00:00
34.07607,-118.61167,300.29,0.57,0.52,2025-01-09,09:09,N,nominal,2.0NRT,284.04,4.18,N,SUOMI,10.890000000000043,2025-01-09 09:09:00+00:00,2025-01-09 09:00:00+00:00
34.07172,-118.55837,307.59,0.57,0.52,2025-01-09,09:09,N,nominal,2.0NRT,284.6,2.58,N,SUOMI,11.450000000000045,2025-01-09 09:09:00+00:00,2025-01-09 09:00:00+00:00
34.07113,-118.55114,304.77,0.57,0.52,2025-01-09,09:09,N,nominal,2.0NRT,283.65,1.28,N,SUOMI,10.5,2025-01-09 09:09:00+00:00,2025-01-09 09:00:00+00:00
34.07641,-118.67632,336.22,0.58,0.52,2025-01-09,09:09,N,nominal,2.0NRT,288.15,3.59,N,SUOMI,15.0,2025-01-09 09:09:00+00:00,2025-01-09 09:00:00+00:00
34.07122,-118.61192,346.34,0.57,0.52,2025-01-09,09:09,N,nominal,2.0NRT,290.49,4.18,N,SUOMI,17.340000000000032,2025-01-09 09:09:00+00:00,2025-01-09 09:00:00+00:00
34.07572,-118.66763,298.12,0.58,0.52,2025-01-09,09:09,N,nominal,2.0NRT,283.51,3.59,N,SUOMI,10.360000000000014,2025-01-09 09:09:00+00:00,2025-01-09 09:00:00+00:00
34.07076,-118.60628,309.73,0.57,0.52,2025-01-09,09:09,N,nominal,2.0NRT,284.51,4.18,N,SUOMI,11.360000000000014,2025-01-09 09:09:00+00:00,2025-01-09 09:00:00+00:00
34.0703,-118.6007,318.85,0.57,0.52,2025-01-09,09:09,N,nominal,2.0NRT,284.45,2.52,N,SUOMI,11.300000000000011,2025-01-09 09:09:00+00:00,2025-01-09 09:00:00+00:00
34.07156,-118.67683,343.11,0.58,0.52,2025-01-09,09:09,N,nominal,2.0NRT,296.43,9.28,N,SUOMI,23.28000000000003,2025-01-09 09:09:00+00:00,2025-01-09 09:00:00+00:00
34.07092,-118.66876,306.3,0.58,0.52,2025-01-09,09:09,N,nominal,2.0NRT,283.78,9.28,N,SUOMI,10.629999999999995,2025-01-09 09:09:00+00:00,2025-01-09 09:00:00+00:00
34.06799,-118.63242,296.13,0.57,0.52,2025-01-09,09:09,N,nominal,2.0NRT,282.67,0.73,N,SUOMI,9.520000000000039,2025-01-09 09:09:00+00:00,2025-01-09 09:00:00+00:00
34.07998,-118.65968,295.61,0.58,0.52,2025-01-09,09:09,N,nominal,2.0NRT,281.89,0.49,N,SUOMI,8.740000000000009,2025-01-09 09:09:00+00:00,2025-01-09 09:00:00+00:00
34.06162,-118.55375,306.41,0.57,0.52,2025-01-09,09:09,N,nominal,2.0NRT,283.45,2.74,N,SUOMI,10.300000000000011,2025-01-09 09:09:00+00:00,2025-01-09 09:00:00+00:00
34.0611,-118.54742,318.13,0.57,0.52,2025-01-09,09:09,N,nominal,2.0NRT,283.34,2.74,N,SUOMI,10.189999999999998,2025-01-09 09:09:00+00:00,2025-01-09 09:00:00+00:00
34.06669,-118.67712,318.01,0.58,0.52,2025-01-09,09:09,N,nominal,2.0NRT,284.83,9.28,N,SUOMI,11.680000000000007,2025-01-09 09:09:00+00:00,2025-01-09 09:00:00+00:00
34.05635,-118.54872,319.97,0.57,0.52,2025-01-09,09:09,N,nominal,2.0NRT,284.77,2.74,N,SUOMI,11.620000000000005,2025-01-09 09:09:00+00:00,2025-01-09 09:00:00+00:00
34.05437,-118.52431,300.11,0.56,0.52,2025-01-09,09:09,N,nominal,2.0NRT,285.44,0.82,N,SUOMI,12.29000000000002,2025-01-09 09:09:00+00:00,2025-01-09 09:00:00+00:00
34.06691,-118.55898,295.42,0.57,0.52,2025-01-09,09:09,N,nominal,2.0NRT,283.88,2.58,N,SUOMI,10.730000000000018,2025-01-09 09:09:00+00:00,2025-01-09 09:00:00+00:00
34.07226,-118.56496,325.96,0.57,0.52,2025-01-09,09:09,N,nominal,2.0NRT,286.65,2.58,N,SUOMI,13.5,2025-01-09 09:09:00+00:00,2025-01-09 09:00:00+00:00
34.07756,-118.57034,315.39,0.57,0.52,2025-01-09,09:09,N,nominal,2.0NRT,286.37,15.4,N,SUOMI,13.220000000000027,2025-01-09 09:09:00+00:00,2025-01-09 09:00:00+00:00
34.07706,-118.56423,309.21,0.57,0.52,2025-01-09,09:09,N,nominal,2.0NRT,284.76,3.05,N,SUOMI,11.610000000000014,2025-01-09 09:09:00+00:00,2025-01-09 09:00:00+00:00
34.08972,-118.54096,307.54,0.57,0.52,2025-01-09,09:09,N,nominal,2.0NRT,288.22,4.11,N,SUOMI,15.07000000000005,2025-01-09 09:09:00+00:00,2025-01-09 09:00:00+00:00
34.08883,-118.53016,313.75,0.57,0.52,2025-01-09,09:09,N,nominal,2.0NRT,290.01,4.38,N,SUOMI,16.860000000000014,2025-01-09 09:09:00+00:00,2025-01-09 09:00:00+00:00
34.08863,-118.58663,358.08,0.57,0.52,2025-01-09,09:09,N,nominal,2.0NRT,289.18,15.11,N,SUOMI,16.03000000000003,2025-01-09 09:09:00+00:00,2025-01-09 09:00:00+00:00
34.08717,-118.5689,357.3,0.57,0.52,2025-01-09,09:09,N,nominal,2.0NRT,306.34,27.79,N,SUOMI,33.19,2025-01-09 09:09:00+00:00,2025-01-09 09:00:00+00:00
34.08768,-118.57505,298.49,0.57,0.52,2025-01-09,09:09,N,nominal,2.0NRT,283.39,27.79,N,SUOMI,10.240000000000009,2025-01-09 09:09:00+00:00,2025-01-09 09:00:00+00:00
34.0866,-118.56196,305.19,0.57,0.52,2025-01-09,09:09,N,nominal,2.0NRT,287.78,3.34,N,SUOMI,14.629999999999995,2025-01-09 09:09:00+00:00,2025-01-09 09:00:00+00:00
34.08304,-118.51893,301.49,0.56,0.52,2025-01-09,09:09,N,nominal,2.0NRT,285.93,7.08,N,SUOMI,12.78000000000003,2025-01-09 09:09:00+00:00,2025-01-09 09:00:00+00:00
34.08252,-118.51272,300.36,0.56,0.52,2025-01-09,09:09,N,nominal,2.0NRT,284.59,1.18,N,SUOMI,11.439999999999998,2025-01-09 09:09:00+00:00,2025-01-09 09:00:00+00:00
34.08438,-118.59416,348.79,0.57,0.52,2025-01-09,09:09,N,nominal,2.0NRT,297.16,42.05,N,SUOMI,24.010000000000048,2025-01-09 09:09:00+00:00,2025-01-09 09:00:00+00:00
34.08383,-118.58748,339.72,0.57,0.52,2025-01-09,09:09,N,nominal,2.0NRT,306.49,47.41,N,SUOMI,33.34000000000003,2025-01-09 09:09:00+00:00,2025-01-09 09:00:00+00:00
34.08333,-118.58129,367.0,0.57,0.52,2025-01-09,09:09,N,high,2.0NRT,304.27,47.41,N,SUOMI,31.120000000000005,2025-01-09 09:09:00+00:00,2025-01-09 09:00:00+00:00
34.08285,-118.5755,352.59,0.57,0.52,2025-01-09,09:09,N,nominal,2.0NRT,302.55,15.4,N,SUOMI,29.400000000000034,2025-01-09 09:09:00+00:00,2025-01-09 09:00:00+00:00
34.08237,-118.56975,348.16,0.57,0.52,2025-01-09,09:09,N,nominal,2.0NRT,290.29,15.4,N,SUOMI,17.140000000000043,2025-01-09 09:09:00+00:00,2025-01-09 09:00:00+00:00
34.08184,-118.5632,309.7,0.57,0.52,2025-01-09,09:09,N,nominal,2.0NRT,285.98,3.05,N,SUOMI,12.830000000000041,2025-01-09 09:09:00+00:00,2025-01-09 09:00:00+00:00
34.07959,-118.59512,347.2,0.57,0.52,2025-01-09,09:09,N,nominal,2.0NRT,285.86,42.05,N,SUOMI,12.710000000000036,2025-01-09 09:09:00+00:00,2025-01-09 09:00:00+00:00
34.07647,-118.55703,322.69,0.57,0.52,2025-01-09,09:09,N,nominal,2.0NRT,287.04,3.05,N,SUOMI,13.890000000000043,2025-01-09 09:09:00+00:00,2025-01-09 09:00:00+00:00
34.07906,-118.58858,295.5,0.57,0.52,2025-01-09,09:09,N,nominal,2.0NRT,283.66,47.41,N,SUOMI,10.510000000000048,2025-01-09 09:09:00+00:00,2025-01-09 09:00:00+00:00
34.07801,-118.57578,297.01,0.57,0.52,2025-01-09,09:09,N,nominal,2.0NRT,284.72,15.4,N,SUOMI,11.57000000000005,2025-01-09 09:09:00+00:00,2025-01-09 09:00:00+00:00
34.05159,-118.54996,315.15,0.57,0.52,2025-01-09,09:09,N,nominal,2.0NRT,284.1,3.01,N,SUOMI,10.950000000000045,2025-01-09 09:09:00+00:00,2025-01-09 09:00:00+00:00
34.07587,-118.54975,300.63,0.57,0.52,2025-01-09,09:09,N,nominal,2.0NRT,283.87,1.02,N,SUOMI,10.720000000000027,2025-01-09 09:09:00+00:00,2025-01-09 09:00:00+00:00
34.05109,-118.54379,304.7,0.57,0.52,2025-01-09,09:09,N,nominal,2.0NRT,286.61,2.47,N,SUOMI,13.460000000000036,2025-01-09 09:09:00+00:00,2025-01-09 09:00:00+00:00
34.04583,-118.5388,323.62,0.57,0.52,2025-01-09,09:09,N,nominal,2.0NRT,289.32,2.47,N,SUOMI,16.170000000000016,2025-01-09 09:09:00+00:00,2025-01-09 09:00:00+00:00
34.0496,-118.52532,310.4,0.56,0.52,2025-01-09,09:09,N,nominal,2.0NRT,287.34,2.37,N,SUOMI,14.189999999999998,2025-01-09 09:09:00+00:00,2025-01-09 09:00:00+00:00
34.04648,-118.53204,299.34,0.56,0.52,2025-01-09,09:09,N,nominal,2.0NRT,284.29,2.2,N,SUOMI,11.140000000000043,2025-01-09 09:09:00+00:00,2025-01-09 09:00:00+00:00
34.04594,-118.52577,310.74,0.56,0.52,2025-01-09,09:09,N,nominal,2.0NRT,287.31,2.07,N,SUOMI,14.160000000000025,2025-01-09 09:09:00+00:00,2025-01-09 09:00:00+00:00
34.04539,-118.51953,309.88,0.56,0.52,2025-01-09,09:09,N,nominal,2.0NRT,287.47,2.07,N,SUOMI,14.32000000000005,2025-01-09 09:09:00+00:00,2025-01-09 09:00:00+00:00
34.04332,-118.55155,339.09,0.57,0.52,2025-01-09,09:09,N,nominal,2.0NRT,287.63,5.22,N,SUOMI,14.480000000000018,2025-01-09 09:09:00+00:00,2025-01-09 09:00:00+00:00
34.04439,-118.56385,298.09,0.57,0.52,2025-01-09,09:09,N,nominal,2.0NRT,284.15,1.76,N,SUOMI,11.0,2025-01-09 09:09:00+00:00,2025-01-09 09:00:00+00:00
34.04281,-118.54559,316.97,0.57,0.52,2025-01-09,09:09,N,nominal,2.0NRT,287.91,5.22,N,SUOMI,14.760000000000048,2025-01-09 09:09:00+00:00,2025-01-09 09:00:00+00:00
34.04226,-118.53935,311.33,0.56,0.52,2025-01-09,09:09,N,nominal,2.0NRT,285.59,2.41,N,SUOMI,12.439999999999998,2025-01-09 09:09:00+00:00,2025-01-09 09:00:00+00:00
34.04171,-118.53294,300.35,0.56,0.52,2025-01-09,09:09,N,nominal,2.0NRT,285.3,2.41,N,SUOMI,12.150000000000034,2025-01-09 09:09:00+00:00,2025-01-09 09:00:00+00:00
34.04754,-118.54417,318.72,0.57,0.52,2025-01-09,09:09,N,nominal,2.0NRT,288.93,3.27,N,SUOMI,15.78000000000003,2025-01-09 09:09:00+00:00,2025-01-09 09:00:00+00:00
34.04115,-118.52654,304.86,0.56,0.52,2025-01-09,09:09,N,nominal,2.0NRT,285.87,1.69,N,SUOMI,12.720000000000027,2025-01-09 09:09:00+00:00,2025-01-09 09:00:00+00:00
34.03638,-118.52751,304.5,0.56,0.52,2025-01-09,09:09,N,nominal,2.0NRT,284.81,1.69,N,SUOMI,11.660000000000025,2025-01-09 09:09:00+00:00,2025-01-09 09:00:00+00:00
34.04069,-118.63412,322.2,0.57,0.52,2025-01-09,09:09,N,nominal,2.0NRT,283.42,1.36,N,SUOMI,10.270000000000039,2025-01-09 09:09:00+00:00,2025-01-09 09:00:00+00:00
34.04124,-118.64056,295.72,0.57,0.52,2025-01-09,09:09,N,nominal,2.0NRT,284.07,1.36,N,SUOMI,10.920000000000016,2025-01-09 09:09:00+00:00,2025-01-09 09:00:00+00:00
34.03645,-118.64165,297.16,0.57,0.52,2025-01-09,09:09,N,nominal,2.0NRT,283.19,1.36,N,SUOMI,10.04000000000002,2025-01-09 09:09:00+00:00,2025-01-09 09:00:00+00:00
33.81947,-118.24319,297.78,0.54,0.51,2025-01-09,09:09,N,nominal,2.0NRT,283.68,1.27,N,SUOMI,10.53000000000003,2025-01-09 09:09:00+00:00,2025-01-09 09:00:00+00:00
33.81426,-118.23788,296.14,0.54,0.51,2025-01-09,09:09,N,nominal,2.0NRT,284.29,2.0,N,SUOMI,11.140000000000043,2025-01-09 09:09:00+00:00,2025-01-09 09:00:00+00:00
33.81322,-118.23801,295.4,0.54,0.51,2025-01-09,09:09,N,nominal,2.0NRT,284.16,1.25,N,SUOMI,11.010000000000048,2025-01-09 09:09:00+00:00,2025-01-09 09:00:00+00:00
33.6128,-117.82278,297.51,0.51,0.49,2025-01-09,09:09,N,nominal,2.0NRT,279.06,0.61,N,SUOMI,5.910000000000025,2025-01-09 09:09:00+00:00,2025-01-09 09:00:00+00:00
34.04061,-118.52029,303.03,0.56,0.52,2025-01-09,09:09,N,nominal,2.0NRT,285.47,1.69,N,SUOMI,12.32000000000005,2025-01-09 09:09:00+00:00,2025-01-09 09:00:00+00:00
34.04702,-118.53826,322.62,0.56,0.52,2025-01-09,09:09,N,nominal,2.0NRT,289.36,2.2,N,SUOMI,16.210000000000036,2025-01-09 09:09:00+00:00,2025-01-09 09:00:00+00:00
34.04808,-118.55041,331.65,0.57,0.52,2025-01-09,09:09,N,nominal,2.0NRT,284.79,3.27,N,SUOMI,11.640000000000043,2025-01-09 09:09:00+00:00,2025-01-09 09:00:00+00:00
34.05017,-118.51865,310.94,0.56,0.52,2025-01-09,09:09,N,nominal,2.0NRT,287.87,2.07,N,SUOMI,14.720000000000027,2025-01-09 09:09:00+00:00,2025-01-09 09:00:00+00:00
34.0491,-118.51911,315.18,0.56,0.52,2025-01-09,09:09,N,nominal,2.0NRT,288.8,2.36,N,SUOMI,15.650000000000034,2025-01-09 09:09:00+00:00,2025-01-09 09:00:00+00:00
34.04683,-118.55117,321.82,0.57,0.52,2025-01-09,09:09,N,nominal,2.0NRT,284.09,3.01,N,SUOMI,10.939999999999998,2025-01-09 09:09:00+00:00,2025-01-09 09:00:00+00:00
34.04633,-118.54493,319.83,0.57,0.52,2025-01-09,09:09,N,nominal,2.0NRT,289.13,2.47,N,SUOMI,15.980000000000018,2025-01-09 09:09:00+00:00,2025-01-09 09:00:00+00:00
34.04533,-118.53254,300.77,0.56,0.52,2025-01-09,09:09,N,nominal,2.0NRT,285.14,2.37,N,SUOMI,11.990000000000009,2025-01-09 09:09:00+00:00,2025-01-09 09:00:00+00:00
34.04483,-118.52625,312.44,0.56,0.52,2025-01-09,09:09,N,nominal,2.0NRT,287.67,2.37,N,SUOMI,14.520000000000039,2025-01-09 09:09:00+00:00,2025-01-09 09:00:00+00:00
34.04432,-118.52,306.27,0.56,0.52,2025-01-09,09:09,N,nominal,2.0NRT,287.28,2.36,N,SUOMI,14.129999999999995,2025-01-09 09:09:00+00:00,2025-01-09 09:00:00+00:00
34.04306,-118.56468,298.1,0.57,0.52,2025-01-09,09:09,N,nominal,2.0NRT,283.62,0.9,N,SUOMI,10.470000000000027,2025-01-09 09:09:00+00:00,2025-01-09 09:00:00+00:00
34.04157,-118.54613,310.36,0.57,0.52,2025-01-09,09:09,N,nominal,2.0NRT,286.3,2.19,N,SUOMI,13.150000000000034,2025-01-09 09:09:00+00:00,2025-01-09 09:00:00+00:00
34.04107,-118.53986,303.38,0.57,0.52,2025-01-09,09:09,N,nominal,2.0NRT,284.15,2.19,N,SUOMI,11.0,2025-01-09 09:09:00+00:00,2025-01-09 09:00:00+00:00
34.04055,-118.53345,299.35,0.56,0.52,2025-01-09,09:09,N,nominal,2.0NRT,285.2,1.48,N,SUOMI,12.050000000000011,2025-01-09 09:09:00+00:00,2025-01-09 09:00:00+00:00
34.04004,-118.52702,306.88,0.56,0.52,2025-01-09,09:09,N,nominal,2.0NRT,286.24,1.48,N,SUOMI,13.090000000000032,2025-01-09 09:09:00+00:00,2025-01-09 09:00:00+00:00
34.03954,-118.52081,301.23,0.56,0.52,2025-01-09,09:09,N,nominal,2.0NRT,284.78,2.09,N,SUOMI,11.629999999999995,2025-01-09 09:09:00+00:00,2025-01-09 09:00:00+00:00
34.04362,-118.63306,320.29,0.57,0.52,2025-01-09,09:09,N,nominal,2.0NRT,283.51,1.93,N,SUOMI,10.360000000000014,2025-01-09 09:09:00+00:00,2025-01-09 09:00:00+00:00
34.03526,-118.52803,297.38,0.56,0.52,2025-01-09,09:09,N,nominal,2.0NRT,283.51,1.48,N,SUOMI,10.360000000000014,2025-01-09 09:09:00+00:00,2025-01-09 09:00:00+00:00
34.03989,-118.64763,297.67,0.57,0.52,2025-01-09,09:09,N,nominal,2.0NRT,283.44,1.3,N,SUOMI,10.29000000000002,2025-01-09 09:09:00+00:00,2025-01-09 09:00:00+00:00
34.03939,-118.64129,305.13,0.57,0.52,2025-01-09,09:09,N,nominal,2.0NRT,285.63,1.3,N,SUOMI,12.480000000000018,2025-01-09 09:09:00+00:00,2025-01-09 09:00:00+00:00
34.0523,-118.54305,296.47,0.57,0.52,2025-01-09,09:09,N,nominal,2.0NRT,285.39,3.27,N,SUOMI,12.240000000000009,2025-01-09 09:09:00+00:00,2025-01-09 09:00:00+00:00
34.05179,-118.53724,295.95,0.56,0.52,2025-01-09,09:09,N,nominal,2.0NRT,284.74,2.2,N,SUOMI,11.590000000000032,2025-01-09 09:09:00+00:00,2025-01-09 09:00:00+00:00
34.0507,-118.52483,311.91,0.56,0.52,2025-01-09,09:09,N,nominal,2.0NRT,287.81,2.07,N,SUOMI,14.660000000000025,2025-01-09 09:09:00+00:00,2025-01-09 09:00:00+00:00
34.05061,-118.53776,304.3,0.57,0.52,2025-01-09,09:09,N,nominal,2.0NRT,285.87,2.47,N,SUOMI,12.720000000000027,2025-01-09 09:09:00+00:00,2025-01-09 09:00:00+00:00
34.04206,-118.55235,338.06,0.57,0.52,2025-01-09,09:09,N,nominal,2.0NRT,287.89,6.46,N,SUOMI,14.740000000000009,2025-01-09 09:09:00+00:00,2025-01-09 09:00:00+00:00
34.08833,-118.52423,340.33,0.56,0.52,2025-01-09,09:09,N,nominal,2.0NRT,290.17,7.08,N,SUOMI,17.02000000000004,2025-01-09 09:09:00+00:00,2025-01-09 09:00:00+00:00
34.60707,-117.33493,306.24,0.49,0.49,2025-01-09,09:09,N,nominal,2.0NRT,273.1,2.16,N,SUOMI,-0.049999999999954525,2025-01-09 09:09:00+00:00,2025-01-09 09:00:00+00:00
34.18951,-118.1293,315.16,0.54,0.51,2025-01-09,09:09,N,nominal,2.0NRT,287.37,2.09,N,SUOMI,14.220000000000027,2025-01-09 09:09:00+00:00,2025-01-09 09:00:00+00:00
34.19004,-118.13529,311.36,0.54,0.51,2025-01-09,09:09,N,nominal,2.0NRT,285.58,2.09,N,SUOMI,12.430000000000007,2025-01-09 09:09:00+00:00,2025-01-09 09:00:00+00:00
34.19057,-118.14134,308.34,0.54,0.51,2025-01-09,09:09,N,nominal,2.0NRT,285.24,2.59,N,SUOMI,12.090000000000032,2025-01-09 09:09:00+00:00,2025-01-09 09:00:00+00:00
34.19111,-118.14742,308.82,0.54,0.51,2025-01-09,09:09,N,nominal,2.0NRT,286.7,2.59,N,SUOMI,13.550000000000011,2025-01-09 09:09:00+00:00,2025-01-09 09:00:00+00:00
34.19164,-118.15353,314.39,0.54,0.51,2025-01-09,09:09,N,nominal,2.0NRT,287.15,1.85,N,SUOMI,14.0,2025-01-09 09:09:00+00:00,2025-01-09 09:00:00+00:00
34.19218,-118.15958,295.34,0.54,0.51,2025-01-09,09:09,N,nominal,2.0NRT,280.82,1.85,N,SUOMI,7.670000000000016,2025-01-09 09:09:00+00:00,2025-01-09 09:00:00+00:00
34.18015,-118.02312,340.47,0.53,0.5,2025-01-09,09:09,N,nominal,2.0NRT,285.18,6.71,N,SUOMI,12.03000000000003,2025-01-09 09:09:00+00:00,2025-01-09 09:00:00+00:00
34.18417,-118.01524,302.28,0.53,0.5,2025-01-09,09:09,N,nominal,2.0NRT,282.42,1.52,N,SUOMI,9.270000000000039,2025-01-09 09:09:00+00:00,2025-01-09 09:00:00+00:00
34.19417,-118.12817,305.23,0.54,0.51,2025-01-09,09:09,N,nominal,2.0NRT,285.34,1.63,N,SUOMI,12.189999999999998,2025-01-09 09:09:00+00:00,2025-01-09 09:00:00+00:00
34.1947,-118.13422,309.05,0.54,0.51,2025-01-09,09:09,N,nominal,2.0NRT,286.37,1.63,N,SUOMI,13.220000000000027,2025-01-09 09:09:00+00:00,2025-01-09 09:00:00+00:00
34.19524,-118.14032,306.59,0.54,0.51,2025-01-09,09:09,N,nominal,2.0NRT,286.74,1.68,N,SUOMI,13.590000000000032,2025-01-09 09:09:00+00:00,2025-01-09 09:00:00+00:00
34.19578,-118.14647,306.33,0.54,0.51,2025-01-09,09:09,N,nominal,2.0NRT,286.42,1.68,N,SUOMI,13.270000000000039,2025-01-09 09:09:00+00:00,2025-01-09 09:00:00+00:00
34.19632,-118.15264,310.87,0.54,0.51,2025-01-09,09:09,N,nominal,2.0NRT,286.48,2.21,N,SUOMI,13.330000000000041,2025-01-09 09:09:00+00:00,2025-01-09 09:00:00+00:00
34.19686,-118.15874,300.55,0.54,0.51,2025-01-09,09:09,N,nominal,2.0NRT,281.8,2.21,N,SUOMI,8.650000000000034,2025-01-09 09:09:00+00:00,2025-01-09 09:00:00+00:00
34.18472,-118.02145,350.18,0.53,0.5,2025-01-09,09:09,N,nominal,2.0NRT,287.33,9.92,N,SUOMI,14.180000000000007,2025-01-09 09:09:00+00:00,2025-01-09 09:00:00+00:00
34.19255,-118.05642,299.91,0.53,0.5,2025-01-09,09:09,N,nominal,2.0NRT,281.39,1.18,N,SUOMI,8.240000000000009,2025-01-09 09:09:00+00:00,2025-01-09 09:00:00+00:00
34.19881,-118.12692,303.83,0.54,0.51,2025-01-09,09:09,N,nominal,2.0NRT,285.38,1.63,N,SUOMI,12.230000000000018,2025-01-09 09:09:00+00:00,2025-01-09 09:00:00+00:00
34.19935,-118.13304,302.75,0.54,0.51,2025-01-09,09:09,N,nominal,2.0NRT,285.55,1.63,N,SUOMI,12.400000000000034,2025-01-09 09:09:00+00:00,2025-01-09 09:00:00+00:00
34.19989,-118.13927,302.84,0.54,0.51,2025-01-09,09:09,N,nominal,2.0NRT,286.17,1.68,N,SUOMI,13.020000000000039,2025-01-09 09:09:00+00:00,2025-01-09 09:00:00+00:00
34.189,-118.12338,307.23,0.54,0.51,2025-01-09,09:09,N,nominal,2.0NRT,285.41,1.53,N,SUOMI,12.260000000000048,2025-01-09 09:09:00+00:00,2025-01-09 09:00:00+00:00
34.18848,-118.11749,299.92,0.54,0.51,2025-01-09,09:09,N,nominal,2.0NRT,283.82,1.53,N,SUOMI,10.670000000000016,2025-01-09 09:09:00+00:00,2025-01-09 09:00:00+00:00
34.17962,-118.01717,305.66,0.53,0.5,2025-01-09,09:09,N,nominal,2.0NRT,283.82,2.79,N,SUOMI,10.670000000000016,2025-01-09 09:09:00+00:00,2025-01-09 09:00:00+00:00
34.18697,-118.15437,300.02,0.54,0.51,2025-01-09,09:09,N,nominal,2.0NRT,280.39,1.85,N,SUOMI,7.240000000000009,2025-01-09 09:09:00+00:00,2025-01-09 09:00:00+00:00
34.08927,-118.53553,323.79,0.57,0.52,2025-01-09,09:09,N,nominal,2.0NRT,292.59,4.38,N,SUOMI,19.439999999999998,2025-01-09 09:09:00+00:00,2025-01-09 09:00:00+00:00
34.0902,-118.5467,327.21,0.57,0.52,2025-01-09,09:09,N,nominal,2.0NRT,285.38,4.11,N,SUOMI,12.230000000000018,2025-01-09 09:09:00+00:00,2025-01-09 09:00:00+00:00
34.09254,-118.51657,302.94,0.56,0.52,2025-01-09,09:09,N,nominal,2.0NRT,284.98,25.78,N,SUOMI,11.830000000000041,2025-01-09 09:09:00+00:00,2025-01-09 09:00:00+00:00
34.09607,-118.55881,319.17,0.57,0.52,2025-01-09,09:09,N,nominal,2.0NRT,285.51,17.19,N,SUOMI,12.360000000000014,2025-01-09 09:09:00+00:00,2025-01-09 09:00:00+00:00
34.0931,-118.52321,353.25,0.56,0.52,2025-01-09,09:09,N,nominal,2.0NRT,316.69,25.78,N,SUOMI,43.54000000000002,2025-01-09 09:09:00+00:00,2025-01-09 09:00:00+00:00
34.09362,-118.52945,344.37,0.57,0.52,2025-01-09,09:09,N,nominal,2.0NRT,315.22,53.14,N,SUOMI,42.07000000000005,2025-01-09 09:09:00+00:00,2025-01-09 09:00:00+00:00
34.09409,-118.53503,367.0,0.57,0.52,2025-01-09,09:09,N,high,2.0NRT,336.88,53.14,N,SUOMI,63.73000000000002,2025-01-09 09:09:00+00:00,2025-01-09 09:00:00+00:00
34.09454,-118.54044,352.77,0.57,0.52,2025-01-09,09:09,N,nominal,2.0NRT,311.67,51.56,N,SUOMI,38.52000000000004,2025-01-09 09:09:00+00:00,2025-01-09 09:00:00+00:00
34.09499,-118.5459,345.34,0.57,0.52,2025-01-09,09:09,N,nominal,2.0NRT,309.88,51.56,N,SUOMI,36.73000000000002,2025-01-09 09:09:00+00:00,2025-01-09 09:00:00+00:00
34.20044,-118.14547,304.15,0.54,0.51,2025-01-09,09:09,N,nominal,2.0NRT,286.46,1.68,N,SUOMI,13.310000000000002,2025-01-09 09:09:00+00:00,2025-01-09 09:00:00+00:00
34.09549,-118.55193,347.65,0.57,0.52,2025-01-09,09:09,N,nominal,2.0NRT,292.41,17.19,N,SUOMI,19.260000000000048,2025-01-09 09:09:00+00:00,2025-01-09 09:00:00+00:00
34.0984,-118.52859,300.57,0.57,0.52,2025-01-09,09:09,N,nominal,2.0NRT,283.79,53.14,N,SUOMI,10.640000000000043,2025-01-09 09:09:00+00:00,2025-01-09 09:00:00+00:00
34.09932,-118.53957,296.55,0.57,0.52,2025-01-09,09:09,N,nominal,2.0NRT,284.19,51.56,N,SUOMI,11.04000000000002,2025-01-09 09:09:00+00:00,2025-01-09 09:00:00+00:00
34.09887,-118.5342,328.89,0.57,0.52,2025-01-09,09:09,N,nominal,2.0NRT,286.77,53.14,N,SUOMI,13.620000000000005,2025-01-09 09:09:00+00:00,2025-01-09 09:00:00+00:00
34.15235,-118.19476,303.91,0.54,0.51,2025-01-09,09:09,N,nominal,2.0NRT,281.56,1.11,N,SUOMI,8.410000000000025,2025-01-09 09:09:00+00:00,2025-01-09 09:00:00+00:00
34.18019,-118.13123,298.15,0.54,0.51,2025-01-09,09:09,N,nominal,2.0NRT,281.86,1.0,N,SUOMI,8.710000000000036,2025-01-09 09:09:00+00:00,2025-01-09 09:00:00+00:00
34.18071,-118.13722,297.21,0.54,0.51,2025-01-09,09:09,N,nominal,2.0NRT,279.54,1.0,N,SUOMI,6.390000000000043,2025-01-09 09:09:00+00:00,2025-01-09 09:00:00+00:00
34.18434,-118.12435,299.92,0.54,0.51,2025-01-09,09:09,N,nominal,2.0NRT,282.31,1.53,N,SUOMI,9.160000000000025,2025-01-09 09:09:00+00:00,2025-01-09 09:00:00+00:00
34.18485,-118.13029,308.73,0.54,0.51,2025-01-09,09:09,N,nominal,2.0NRT,284.47,2.09,N,SUOMI,11.32000000000005,2025-01-09 09:09:00+00:00,2025-01-09 09:00:00+00:00
34.18538,-118.13629,302.18,0.54,0.51,2025-01-09,09:09,N,nominal,2.0NRT,282.58,2.09,N,SUOMI,9.430000000000007,2025-01-09 09:09:00+00:00,2025-01-09 09:00:00+00:00
34.09787,-118.52219,299.23,0.56,0.52,2025-01-09,09:09,N,nominal,2.0NRT,283.51,25.78,N,SUOMI,10.360000000000014,2025-01-09 09:09:00+00:00,2025-01-09 09:00:00+00:00
34.20099,-118.1517,308.96,0.54,0.51,2025-01-09,09:09,N,nominal,2.0NRT,286.85,2.21,N,SUOMI,13.700000000000045,2025-01-09 09:09:00+00:00,2025-01-09 09:00:00+00:00
34.19718,-118.05523,313.0,0.53,0.5,2025-01-09,09:09,N,nominal,2.0NRT,284.05,1.7,N,SUOMI,10.900000000000034,2025-01-09 09:09:00+00:00,2025-01-09 09:00:00+00:00
34.19761,-118.06015,300.59,0.53,0.5,2025-01-09,09:09,N,nominal,2.0NRT,283.28,2.81,N,SUOMI,10.129999999999995,2025-01-09 09:09:00+00:00,2025-01-09 09:00:00+00:00
34.20382,-118.05682,307.11,0.53,0.5,2025-01-09,09:09,N,nominal,2.0NRT,284.46,2.09,N,SUOMI,11.310000000000002,2025-01-09 09:09:00+00:00,2025-01-09 09:00:00+00:00
34.20425,-118.06185,312.4,0.53,0.5,2025-01-09,09:09,N,nominal,2.0NRT,282.91,2.34,N,SUOMI,9.760000000000048,2025-01-09 09:09:00+00:00,2025-01-09 09:00:00+00:00
34.20477,-118.06812,298.23,0.53,0.5,2025-01-09,09:09,N,nominal,2.0NRT,282.05,2.34,N,SUOMI,8.900000000000034,2025-01-09 09:09:00+00:00,2025-01-09 09:00:00+00:00
34.20538,-118.07561,299.51,0.54,0.5,2025-01-09,09:09,N,nominal,2.0NRT,283.56,2.03,N,SUOMI,10.410000000000025,2025-01-09 09:09:00+00:00,2025-01-09 09:00:00+00:00
34.20844,-118.05547,300.89,0.53,0.5,2025-01-09,09:09,N,nominal,2.0NRT,282.94,1.89,N,SUOMI,9.79000000000002,2025-01-09 09:09:00+00:00,2025-01-09 09:00:00+00:00
34.21003,-118.07462,301.16,0.54,0.5,2025-01-09,09:09,N,nominal,2.0NRT,282.58,2.81,N,SUOMI,9.430000000000007,2025-01-09 09:09:00+00:00,2025-01-09 09:00:00+00:00
34.21113,-118.08803,313.44,0.54,0.51,2025-01-09,09:09,N,nominal,2.0NRT,282.84,4.38,N,SUOMI,9.689999999999998,2025-01-09 09:09:00+00:00,2025-01-09 09:00:00+00:00
34.21693,-118.15836,301.42,0.54,0.51,2025-01-09,09:09,N,nominal,2.0NRT,281.14,4.77,N,SUOMI,7.990000000000009,2025-01-09 09:09:00+00:00,2025-01-09 09:00:00+00:00
34.20885,-118.06029,334.87,0.53,0.5,2025-01-09,09:09,N,nominal,2.0NRT,287.36,3.45,N,SUOMI,14.210000000000036,2025-01-09 09:09:00+00:00,2025-01-09 09:00:00+00:00
34.2061,-118.14234,297.48,0.54,0.51,2025-01-09,09:09,N,nominal,2.0NRT,283.33,1.94,N,SUOMI,10.180000000000007,2025-01-09 09:09:00+00:00,2025-01-09 09:00:00+00:00
34.20935,-118.06635,324.57,0.53,0.5,2025-01-09,09:09,N,nominal,2.0NRT,284.06,3.45,N,SUOMI,10.910000000000025,2025-01-09 09:09:00+00:00,2025-01-09 09:00:00+00:00
34.21155,-118.09297,321.14,0.54,0.51,2025-01-09,09:09,N,nominal,2.0NRT,282.48,4.38,N,SUOMI,9.330000000000041,2025-01-09 09:09:00+00:00,2025-01-09 09:00:00+00:00
34.21588,-118.14554,322.23,0.54,0.51,2025-01-09,09:09,N,nominal,2.0NRT,283.45,1.9,N,SUOMI,10.300000000000011,2025-01-09 09:09:00+00:00,2025-01-09 09:00:00+00:00
34.21641,-118.15207,331.92,0.54,0.51,2025-01-09,09:09,N,nominal,2.0NRT,283.66,4.77,N,SUOMI,10.510000000000048,2025-01-09 09:09:00+00:00,2025-01-09 09:00:00+00:00
34.21392,-118.06434,298.32,0.53,0.5,2025-01-09,09:09,N,nominal,2.0NRT,281.51,3.45,N,SUOMI,8.360000000000014,2025-01-09 09:09:00+00:00,2025-01-09 09:00:00+00:00
34.21527,-118.0808,313.65,0.54,0.5,2025-01-09,09:09,N,nominal,2.0NRT,282.96,2.81,N,SUOMI,9.810000000000002,2025-01-09 09:09:00+00:00,2025-01-09 09:00:00+00:00
34.21991,-118.13666,302.45,0.54,0.51,2025-01-09,09:09,N,nominal,2.0NRT,281.3,1.9,N,SUOMI,8.150000000000034,2025-01-09 09:09:00+00:00,2025-01-09 09:00:00+00:00
34.22156,-118.15675,319.81,0.54,0.51,2025-01-09,09:09,N,nominal,2.0NRT,282.59,4.77,N,SUOMI,9.439999999999998,2025-01-09 09:09:00+00:00,2025-01-09 09:00:00+00:00
34.22103,-118.15034,340.46,0.54,0.51,2025-01-09,09:09,N,nominal,2.0NRT,286.06,4.77,N,SUOMI,12.910000000000025,2025-01-09 09:09:00+00:00,2025-01-09 09:00:00+00:00
34.43057,-118.64551,295.55,0.58,0.52,2025-01-09,09:09,N,nominal,2.0NRT,275.58,1.09,N,SUOMI,2.430000000000007,2025-01-09 09:09:00+00:00,2025-01-09 09:00:00+00:00
34.21064,-118.08208,334.29,0.54,0.5,2025-01-09,09:09,N,nominal,2.0NRT,284.26,2.81,N,SUOMI,11.110000000000014,2025-01-09 09:09:00+00:00,2025-01-09 09:00:00+00:00
34.09133,-118.56036,313.77,0.57,0.52,2025-01-09,09:09,N,nominal,2.0NRT,286.29,3.34,N,SUOMI,13.140000000000043,2025-01-09 09:09:00+00:00,2025-01-09 09:00:00+00:00
34.19879,-118.05322,300.48,0.53,0.5,2025-01-09,09:09,N,nominal,2.0NRT,283.68,2.09,N,SUOMI,10.53000000000003,2025-01-09 09:09:00+00:00,2025-01-09 09:00:00+00:00
34.21436,-118.08865,321.2,0.54,0.5,2025-01-09,09:09,N,nominal,2.0NRT,283.64,2.88,N,SUOMI,10.490000000000009,2025-01-09 09:09:00+00:00,2025-01-09 09:00:00+00:00
34.20454,-118.13809,296.45,0.54,0.51,2025-01-09,09:09,N,nominal,2.0NRT,283.33,1.29,N,SUOMI,10.180000000000007,2025-01-09 09:09:00+00:00,2025-01-09 09:00:00+00:00
34.2051,-118.14435,301.19,0.54,0.51,2025-01-09,09:09,N,nominal,2.0NRT,284.27,1.29,N,SUOMI,11.120000000000005,2025-01-09 09:09:00+00:00,2025-01-09 09:00:00+00:00
34.14396,-117.42613,295.15,0.49,0.49,2025-01-09,09:09,N,nominal,2.0NRT,280.96,0.48,N,SUOMI,7.810000000000002,2025-01-09 09:09:00+00:00,2025-01-09 09:00:00+00:00
34.20177,-118.05373,297.2,0.53,0.5,2025-01-09,09:09,N,nominal,2.0NRT,283.0,1.7,N,SUOMI,9.850000000000023,2025-01-09 09:09:00+00:00,2025-01-09 09:00:00+00:00
34.20329,-118.07073,297.1,0.53,0.5,2025-01-09,09:09,N,nominal,2.0NRT,281.1,0.78,N,SUOMI,7.9500000000000455,2025-01-09 09:09:00+00:00,2025-01-09 09:00:00+00:00
34.20395,-118.07806,296.84,0.53,0.5,2025-01-09,09:09,N,nominal,2.0NRT,282.65,0.78,N,SUOMI,9.5,2025-01-09 09:09:00+00:00,2025-01-09 09:00:00+00:00
34.20787,-118.06914,302.94,0.53,0.5,2025-01-09,09:09,N,nominal,2.0NRT,282.59,3.82,N,SUOMI,9.439999999999998,2025-01-09 09:09:00+00:00,2025-01-09 09:00:00+00:00
34.20923,-118.08423,301.8,0.54,0.5,2025-01-09,09:09,N,nominal,2.0NRT,281.64,2.88,N,SUOMI,8.490000000000009,2025-01-09 09:09:00+00:00,2025-01-09 09:00:00+00:00
34.20975,-118.09,300.84,0.54,0.5,2025-01-09,09:09,N,nominal,2.0NRT,280.29,2.88,N,SUOMI,7.140000000000043,2025-01-09 09:09:00+00:00,2025-01-09 09:00:00+00:00
34.22009,-118.15248,355.56,0.54,0.51,2025-01-09,09:09,N,nominal,2.0NRT,290.42,4.45,N,SUOMI,17.27000000000004,2025-01-09 09:09:00+00:00,2025-01-09 09:00:00+00:00
34.2149,-118.14768,312.06,0.54,0.51,2025-01-09,09:09,N,nominal,2.0NRT,281.7,4.45,N,SUOMI,8.550000000000011,2025-01-09 09:09:00+00:00,2025-01-09 09:00:00+00:00
34.20681,-118.05728,328.24,0.53,0.5,2025-01-09,09:09,N,nominal,2.0NRT,286.88,4.06,N,SUOMI,13.730000000000018,2025-01-09 09:09:00+00:00,2025-01-09 09:00:00+00:00
34.20726,-118.06232,339.23,0.53,0.5,2025-01-09,09:09,N,nominal,2.0NRT,288.15,4.06,N,SUOMI,15.0,2025-01-09 09:09:00+00:00,2025-01-09 09:00:00+00:00
34.21185,-118.06074,300.7,0.53,0.5,2025-01-09,09:09,N,nominal,2.0NRT,282.36,4.06,N,SUOMI,9.210000000000036,2025-01-09 09:09:00+00:00,2025-01-09 09:00:00+00:00
34.21479,-118.09347,304.64,0.54,0.51,2025-01-09,09:09,N,nominal,2.0NRT,282.65,1.61,N,SUOMI,9.5,2025-01-09 09:09:00+00:00,2025-01-09 09:00:00+00:00
34.21524,-118.09852,295.56,0.54,0.51,2025-01-09,09:09,N,nominal,2.0NRT,280.94,1.61,N,SUOMI,7.7900000000000205,2025-01-09 09:09:00+00:00,2025-01-09 09:00:00+00:00
34.21824,-118.13192,307.04,0.54,0.51,2025-01-09,09:09,N,nominal,2.0NRT,280.28,1.47,N,SUOMI,7.1299999999999955,2025-01-09 09:09:00+00:00,2025-01-09 09:00:00+00:00
34.21949,-118.1459,308.91,0.54,0.51,2025-01-09,09:09,N,nominal,2.0NRT,283.18,4.45,N,SUOMI,10.03000000000003,2025-01-09 09:09:00+00:00,2025-01-09 09:00:00+00:00
34.21245,-118.0674,322.13,0.53,0.5,2025-01-09,09:09,N,nominal,2.0NRT,283.53,3.82,N,SUOMI,10.379999999999995,2025-01-09 09:09:00+00:00,2025-01-09 09:00:00+00:00
34.21386,-118.08303,338.44,0.54,0.5,2025-01-09,09:09,N,nominal,2.0NRT,285.43,2.88,N,SUOMI,12.28000000000003,2025-01-09 09:09:00+00:00,2025-01-09 09:00:00+00:00
34.21547,-118.15409,298.14,0.54,0.51,2025-01-09,09:09,N,nominal,2.0NRT,281.31,4.45,N,SUOMI,8.160000000000025,2025-01-09 09:09:00+00:00,2025-01-09 09:00:00+00:00
34.09073,-118.55305,311.33,0.57,0.52,2025-01-09,09:09,N,nominal,2.0NRT,284.97,3.34,N,SUOMI,11.82000000000005,2025-01-09 09:09:00+00:00,2025-01-09 09:00:00+00:00
34.0806,-118.57863,341.66,0.43,0.38,2025-01-09,09:30,N20,nominal,2.0NRT,294.53,19.24,N,J1,21.379999999999995,2025-01-09 09:30:00+00:00,2025-01-09 10:00:00+00:00
34.21123,-118.09226,310.38,0.41,0.37,2025-01-09,09:30,N20,nominal,2.0NRT,282.34,1.49,N,J1,9.189999999999998,2025-01-09 09:30:00+00:00,2025-01-09 10:00:00+00:00
34.09467,-118.52402,346.84,0.42,0.38,2025-01-09,09:30,N20,nominal,2.0NRT,316.92,20.9,N,J1,43.77000000000004,2025-01-09 09:30:00+00:00,2025-01-09 10:00:00+00:00
34.09528,-118.52866,367.0,0.43,0.38,2025-01-09,09:30,N20,high,2.0NRT,322.9,42.09,N,J1,49.75,2025-01-09 09:30:00+00:00,2025-01-09 10:00:00+00:00
34.09587,-118.53311,367.0,0.43,0.38,2025-01-09,09:30,N20,high,2.0NRT,339.53,42.09,N,J1,66.38,2025-01-09 09:30:00+00:00,2025-01-09 10:00:00+00:00
34.09647,-118.53752,350.81,0.43,0.38,2025-01-09,09:30,N20,nominal,2.0NRT,315.11,40.98,N,J1,41.960000000000036,2025-01-09 09:30:00+00:00,2025-01-09 10:00:00+00:00
34.09705,-118.54189,355.35,0.43,0.38,2025-01-09,09:30,N20,nominal,2.0NRT,295.59,40.98,N,J1,22.439999999999998,2025-01-09 09:30:00+00:00,2025-01-09 10:00:00+00:00
34.09764,-118.54631,330.98,0.43,0.38,2025-01-09,09:30,N20,nominal,2.0NRT,294.41,24.39,N,J1,21.260000000000048,2025-01-09 09:30:00+00:00,2025-01-09 10:00:00+00:00
34.09873,-118.52791,295.48,0.43,0.38,2025-01-09,09:30,N20,nominal,2.0NRT,283.13,42.09,N,J1,9.980000000000018,2025-01-09 09:30:00+00:00,2025-01-09 10:00:00+00:00
34.09932,-118.53237,295.48,0.43,0.38,2025-01-09,09:30,N20,nominal,2.0NRT,284.13,42.09,N,J1,10.980000000000018,2025-01-09 09:30:00+00:00,2025-01-09 10:00:00+00:00
34.09811,-118.52329,329.14,0.42,0.38,2025-01-09,09:30,N20,nominal,2.0NRT,285.2,20.9,N,J1,12.050000000000011,2025-01-09 09:30:00+00:00,2025-01-09 10:00:00+00:00
34.10395,-118.54042,306.62,0.43,0.38,2025-01-09,09:30,N20,nominal,2.0NRT,283.51,0.47,N,J1,10.360000000000014,2025-01-09 09:30:00+00:00,2025-01-09 10:00:00+00:00
34.1494,-118.7222,304.93,0.43,0.38,2025-01-09,09:30,N20,nominal,2.0NRT,283.2,0.82,N,J1,10.050000000000011,2025-01-09 09:30:00+00:00,2025-01-09 10:00:00+00:00
34.04086,-117.82256,297.62,0.41,0.37,2025-01-09,09:30,N20,nominal,2.0NRT,277.44,0.7,N,J1,4.2900000000000205,2025-01-09 09:30:00+00:00,2025-01-09 10:00:00+00:00
34.11502,-117.92731,301.53,0.41,0.37,2025-01-09,09:30,N20,nominal,2.0NRT,277.51,0.31,N,J1,4.360000000000014,2025-01-09 09:30:00+00:00,2025-01-09 10:00:00+00:00
34.15486,-118.19294,312.99,0.42,0.37,2025-01-09,09:30,N20,nominal,2.0NRT,278.31,1.66,N,J1,5.160000000000025,2025-01-09 09:30:00+00:00,2025-01-09 10:00:00+00:00
34.17002,-118.09831,302.92,0.41,0.37,2025-01-09,09:30,N20,nominal,2.0NRT,278.77,0.75,N,J1,5.6200000000000045,2025-01-09 09:30:00+00:00,2025-01-09 10:00:00+00:00
34.1811,-118.12797,297.79,0.41,0.37,2025-01-09,09:30,N20,nominal,2.0NRT,281.54,0.83,N,J1,8.390000000000043,2025-01-09 09:30:00+00:00,2025-01-09 10:00:00+00:00
34.18172,-118.13247,304.65,0.41,0.37,2025-01-09,09:30,N20,nominal,2.0NRT,283.14,1.36,N,J1,9.990000000000009,2025-01-09 09:30:00+00:00,2025-01-09 10:00:00+00:00
34.18233,-118.13697,303.21,0.41,0.37,2025-01-09,09:30,N20,nominal,2.0NRT,281.23,1.36,N,J1,8.080000000000041,2025-01-09 09:30:00+00:00,2025-01-09 10:00:00+00:00
34.18479,-118.15492,297.74,0.42,0.37,2025-01-09,09:30,N20,nominal,2.0NRT,279.98,0.97,N,J1,6.830000000000041,2025-01-09 09:30:00+00:00,2025-01-09 10:00:00+00:00
34.1839,-118.12278,296.68,0.41,0.37,2025-01-09,09:30,N20,nominal,2.0NRT,281.08,1.29,N,J1,7.930000000000007,2025-01-09 09:30:00+00:00,2025-01-09 10:00:00+00:00
34.18451,-118.12722,306.51,0.41,0.37,2025-01-09,09:30,N20,nominal,2.0NRT,283.23,1.29,N,J1,10.080000000000041,2025-01-09 09:30:00+00:00,2025-01-09 10:00:00+00:00
34.18512,-118.13173,313.47,0.41,0.37,2025-01-09,09:30,N20,nominal,2.0NRT,285.09,1.85,N,J1,11.939999999999998,2025-01-09 09:30:00+00:00,2025-01-09 10:00:00+00:00
34.18574,-118.13622,309.0,0.41,0.37,2025-01-09,09:30,N20,nominal,2.0NRT,282.73,1.85,N,J1,9.580000000000041,2025-01-09 09:30:00+00:00,2025-01-09 10:00:00+00:00
34.09405,-118.51937,313.81,0.42,0.38,2025-01-09,09:30,N20,nominal,2.0NRT,286.11,20.9,N,J1,12.960000000000036,2025-01-09 09:30:00+00:00,2025-01-09 10:00:00+00:00
34.09541,-118.55625,335.02,0.43,0.38,2025-01-09,09:30,N20,nominal,2.0NRT,288.57,2.93,N,J1,15.420000000000016,2025-01-09 09:30:00+00:00,2025-01-09 10:00:00+00:00
34.09479,-118.55161,356.72,0.43,0.38,2025-01-09,09:30,N20,nominal,2.0NRT,296.59,75.88,N,J1,23.439999999999998,2025-01-09 09:30:00+00:00,2025-01-09 10:00:00+00:00
34.09418,-118.54703,367.0,0.43,0.38,2025-01-09,09:30,N20,high,2.0NRT,337.88,75.88,N,J1,64.73000000000002,2025-01-09 09:30:00+00:00,2025-01-09 10:00:00+00:00
34.07906,-118.51333,296.93,0.42,0.38,2025-01-09,09:30,N20,nominal,2.0NRT,283.88,1.15,N,J1,10.730000000000018,2025-01-09 09:30:00+00:00,2025-01-09 10:00:00+00:00
34.08874,-118.58646,306.34,0.43,0.38,2025-01-09,09:30,N20,nominal,2.0NRT,284.4,1.1,N,J1,11.25,2025-01-09 09:30:00+00:00,2025-01-09 10:00:00+00:00
34.08633,-118.56835,341.44,0.43,0.38,2025-01-09,09:30,N20,nominal,2.0NRT,307.11,18.15,N,J1,33.960000000000036,2025-01-09 09:30:00+00:00,2025-01-09 10:00:00+00:00
34.08695,-118.57296,329.5,0.43,0.38,2025-01-09,09:30,N20,nominal,2.0NRT,297.3,18.15,N,J1,24.150000000000034,2025-01-09 09:30:00+00:00,2025-01-09 10:00:00+00:00
34.0831,-118.51711,306.92,0.42,0.38,2025-01-09,09:30,N20,nominal,2.0NRT,286.34,1.15,N,J1,13.189999999999998,2025-01-09 09:30:00+00:00,2025-01-09 10:00:00+00:00
34.08916,-118.5628,303.41,0.43,0.38,2025-01-09,09:30,N20,nominal,2.0NRT,287.72,1.92,N,J1,14.57000000000005,2025-01-09 09:30:00+00:00,2025-01-09 10:00:00+00:00
34.08978,-118.5675,303.35,0.43,0.38,2025-01-09,09:30,N20,nominal,2.0NRT,285.66,18.15,N,J1,12.510000000000048,2025-01-09 09:30:00+00:00,2025-01-09 10:00:00+00:00
34.08716,-118.52097,311.97,0.42,0.38,2025-01-09,09:30,N20,nominal,2.0NRT,285.95,7.43,N,J1,12.800000000000011,2025-01-09 09:30:00+00:00,2025-01-09 10:00:00+00:00
34.08777,-118.52554,300.63,0.42,0.38,2025-01-09,09:30,N20,nominal,2.0NRT,287.64,7.43,N,J1,14.490000000000009,2025-01-09 09:30:00+00:00,2025-01-09 10:00:00+00:00
34.08837,-118.53004,301.4,0.43,0.38,2025-01-09,09:30,N20,nominal,2.0NRT,289.57,6.69,N,J1,16.420000000000016,2025-01-09 09:30:00+00:00,2025-01-09 10:00:00+00:00
34.08895,-118.53444,309.46,0.43,0.38,2025-01-09,09:30,N20,nominal,2.0NRT,292.54,6.69,N,J1,19.390000000000043,2025-01-09 09:30:00+00:00,2025-01-09 10:00:00+00:00
34.18759,-118.14969,296.17,0.42,0.37,2025-01-09,09:30,N20,nominal,2.0NRT,280.27,1.58,N,J1,7.1200000000000045,2025-01-09 09:30:00+00:00,2025-01-09 10:00:00+00:00
34.08954,-118.53882,304.37,0.43,0.38,2025-01-09,09:30,N20,nominal,2.0NRT,290.27,39.03,N,J1,17.120000000000005,2025-01-09 09:30:00+00:00,2025-01-09 10:00:00+00:00
34.09073,-118.54775,305.41,0.43,0.38,2025-01-09,09:30,N20,nominal,2.0NRT,286.14,75.88,N,J1,12.990000000000009,2025-01-09 09:30:00+00:00,2025-01-09 10:00:00+00:00
34.0926,-118.56194,298.77,0.43,0.38,2025-01-09,09:30,N20,nominal,2.0NRT,286.39,2.93,N,J1,13.240000000000009,2025-01-09 09:30:00+00:00,2025-01-09 10:00:00+00:00
34.09197,-118.55711,320.51,0.43,0.38,2025-01-09,09:30,N20,nominal,2.0NRT,288.38,2.93,N,J1,15.230000000000018,2025-01-09 09:30:00+00:00,2025-01-09 10:00:00+00:00
33.8781,-117.0005,295.88,0.39,0.36,2025-01-09,09:30,N20,nominal,2.0NRT,275.34,0.41,N,J1,2.1899999999999977,2025-01-09 09:30:00+00:00,2025-01-09 10:00:00+00:00
34.03468,-118.10529,301.77,0.41,0.37,2025-01-09,09:30,N20,nominal,2.0NRT,279.19,0.68,N,J1,6.0400000000000205,2025-01-09 09:30:00+00:00,2025-01-09 10:00:00+00:00
34.0906,-118.52019,313.4,0.42,0.38,2025-01-09,09:30,N20,nominal,2.0NRT,298.44,7.43,N,J1,25.29000000000002,2025-01-09 09:30:00+00:00,2025-01-09 10:00:00+00:00
34.09122,-118.5248,338.61,0.42,0.38,2025-01-09,09:30,N20,nominal,2.0NRT,294.36,7.43,N,J1,21.210000000000036,2025-01-09 09:30:00+00:00,2025-01-09 10:00:00+00:00
34.09183,-118.52938,340.18,0.43,0.38,2025-01-09,09:30,N20,nominal,2.0NRT,296.64,6.69,N,J1,23.49000000000001,2025-01-09 09:30:00+00:00,2025-01-09 10:00:00+00:00
34.09241,-118.53378,355.09,0.43,0.38,2025-01-09,09:30,N20,nominal,2.0NRT,315.85,6.69,N,J1,42.700000000000045,2025-01-09 09:30:00+00:00,2025-01-09 10:00:00+00:00
34.093,-118.53819,354.79,0.43,0.38,2025-01-09,09:30,N20,nominal,2.0NRT,307.17,39.03,N,J1,34.02000000000004,2025-01-09 09:30:00+00:00,2025-01-09 10:00:00+00:00
34.09359,-118.54259,337.51,0.43,0.38,2025-01-09,09:30,N20,nominal,2.0NRT,330.28,39.03,N,J1,57.129999999999995,2025-01-09 09:30:00+00:00,2025-01-09 10:00:00+00:00
34.09013,-118.54324,306.59,0.43,0.38,2025-01-09,09:30,N20,nominal,2.0NRT,288.76,39.03,N,J1,15.610000000000014,2025-01-09 09:30:00+00:00,2025-01-09 10:00:00+00:00
34.18821,-118.1542,310.21,0.42,0.37,2025-01-09,09:30,N20,nominal,2.0NRT,282.88,1.58,N,J1,9.730000000000018,2025-01-09 09:30:00+00:00,2025-01-09 10:00:00+00:00
34.18882,-118.15869,305.52,0.42,0.37,2025-01-09,09:30,N20,nominal,2.0NRT,281.74,1.26,N,J1,8.590000000000032,2025-01-09 09:30:00+00:00,2025-01-09 10:00:00+00:00
34.18668,-118.11755,302.09,0.41,0.37,2025-01-09,09:30,N20,nominal,2.0NRT,283.51,1.83,N,J1,10.360000000000014,2025-01-09 09:30:00+00:00,2025-01-09 10:00:00+00:00
34.18058,-118.02248,331.18,0.41,0.37,2025-01-09,09:30,N20,nominal,2.0NRT,286.62,4.28,N,J1,13.470000000000027,2025-01-09 09:30:00+00:00,2025-01-09 10:00:00+00:00
34.18333,-118.01714,319.16,0.41,0.37,2025-01-09,09:30,N20,nominal,2.0NRT,283.09,1.96,N,J1,9.939999999999998,2025-01-09 09:30:00+00:00,2025-01-09 10:00:00+00:00
34.18452,-118.0257,300.25,0.41,0.37,2025-01-09,09:30,N20,nominal,2.0NRT,283.34,4.57,N,J1,10.189999999999998,2025-01-09 09:30:00+00:00,2025-01-09 10:00:00+00:00
34.19811,-118.12412,297.33,0.41,0.37,2025-01-09,09:30,N20,nominal,2.0NRT,283.34,1.03,N,J1,10.189999999999998,2025-01-09 09:30:00+00:00,2025-01-09 10:00:00+00:00
34.19873,-118.12859,313.58,0.41,0.37,2025-01-09,09:30,N20,nominal,2.0NRT,286.63,1.08,N,J1,13.480000000000018,2025-01-09 09:30:00+00:00,2025-01-09 10:00:00+00:00
34.19935,-118.13312,307.79,0.41,0.37,2025-01-09,09:30,N20,nominal,2.0NRT,285.6,1.08,N,J1,12.450000000000045,2025-01-09 09:30:00+00:00,2025-01-09 10:00:00+00:00
34.19997,-118.13766,308.23,0.41,0.37,2025-01-09,09:30,N20,nominal,2.0NRT,286.35,1.03,N,J1,13.200000000000045,2025-01-09 09:30:00+00:00,2025-01-09 10:00:00+00:00
34.2006,-118.14215,307.51,0.41,0.37,2025-01-09,09:30,N20,nominal,2.0NRT,286.78,1.03,N,J1,13.629999999999995,2025-01-09 09:30:00+00:00,2025-01-09 10:00:00+00:00
34.20122,-118.14668,310.67,0.42,0.37,2025-01-09,09:30,N20,nominal,2.0NRT,287.01,1.55,N,J1,13.860000000000014,2025-01-09 09:30:00+00:00,2025-01-09 10:00:00+00:00
34.20184,-118.15124,312.48,0.42,0.37,2025-01-09,09:30,N20,nominal,2.0NRT,286.36,1.55,N,J1,13.210000000000036,2025-01-09 09:30:00+00:00,2025-01-09 10:00:00+00:00
34.20247,-118.15577,300.4,0.42,0.37,2025-01-09,09:30,N20,nominal,2.0NRT,282.06,1.17,N,J1,8.910000000000025,2025-01-09 09:30:00+00:00,2025-01-09 10:00:00+00:00
34.19905,-118.15648,310.86,0.42,0.37,2025-01-09,09:30,N20,nominal,2.0NRT,284.96,2.0,N,J1,11.810000000000002,2025-01-09 09:30:00+00:00,2025-01-09 10:00:00+00:00
34.18394,-118.02153,343.45,0.41,0.37,2025-01-09,09:30,N20,nominal,2.0NRT,289.01,4.57,N,J1,15.860000000000014,2025-01-09 09:30:00+00:00,2025-01-09 10:00:00+00:00
34.20212,-118.12777,298.71,0.41,0.37,2025-01-09,09:30,N20,nominal,2.0NRT,283.24,1.08,N,J1,10.090000000000032,2025-01-09 09:30:00+00:00,2025-01-09 10:00:00+00:00
34.20274,-118.13229,296.34,0.41,0.37,2025-01-09,09:30,N20,nominal,2.0NRT,282.56,1.08,N,J1,9.410000000000025,2025-01-09 09:30:00+00:00,2025-01-09 10:00:00+00:00
34.20337,-118.13686,296.06,0.41,0.37,2025-01-09,09:30,N20,nominal,2.0NRT,282.54,1.03,N,J1,9.390000000000043,2025-01-09 09:30:00+00:00,2025-01-09 10:00:00+00:00
34.204,-118.14141,301.87,0.41,0.37,2025-01-09,09:30,N20,nominal,2.0NRT,284.33,1.03,N,J1,11.180000000000007,2025-01-09 09:30:00+00:00,2025-01-09 10:00:00+00:00
34.20462,-118.1459,306.36,0.42,0.37,2025-01-09,09:30,N20,nominal,2.0NRT,285.0,1.55,N,J1,11.850000000000023,2025-01-09 09:30:00+00:00,2025-01-09 10:00:00+00:00
34.19666,-118.0629,298.45,0.41,0.37,2025-01-09,09:30,N20,nominal,2.0NRT,282.42,1.16,N,J1,9.270000000000039,2025-01-09 09:30:00+00:00,2025-01-09 10:00:00+00:00
34.20676,-118.13598,295.36,0.41,0.37,2025-01-09,09:30,N20,nominal,2.0NRT,282.22,0.62,N,J1,9.07000000000005,2025-01-09 09:30:00+00:00,2025-01-09 10:00:00+00:00
34.20739,-118.14054,297.74,0.41,0.37,2025-01-09,09:30,N20,nominal,2.0NRT,282.79,0.62,N,J1,9.640000000000043,2025-01-09 09:30:00+00:00,2025-01-09 10:00:00+00:00
34.20802,-118.1451,298.6,0.42,0.37,2025-01-09,09:30,N20,nominal,2.0NRT,281.71,0.83,N,J1,8.560000000000002,2025-01-09 09:30:00+00:00,2025-01-09 10:00:00+00:00
34.19548,-118.05434,335.2,0.41,0.37,2025-01-09,09:30,N20,nominal,2.0NRT,286.33,2.8,N,J1,13.180000000000007,2025-01-09 09:30:00+00:00,2025-01-09 10:00:00+00:00
34.19607,-118.05858,329.85,0.41,0.37,2025-01-09,09:30,N20,nominal,2.0NRT,285.65,2.8,N,J1,12.5,2025-01-09 09:30:00+00:00,2025-01-09 10:00:00+00:00
34.19209,-118.05511,302.19,0.41,0.37,2025-01-09,09:30,N20,nominal,2.0NRT,281.89,0.57,N,J1,8.740000000000009,2025-01-09 09:30:00+00:00,2025-01-09 10:00:00+00:00
34.08589,-118.59185,345.94,0.43,0.38,2025-01-09,09:30,N20,nominal,2.0NRT,284.95,42.39,N,J1,11.800000000000011,2025-01-09 09:30:00+00:00,2025-01-09 10:00:00+00:00
34.19843,-118.152,317.41,0.42,0.37,2025-01-09,09:30,N20,nominal,2.0NRT,288.47,1.74,N,J1,15.32000000000005,2025-01-09 09:30:00+00:00,2025-01-09 10:00:00+00:00
34.19719,-118.14293,306.98,0.41,0.37,2025-01-09,09:30,N20,nominal,2.0NRT,286.93,1.66,N,J1,13.78000000000003,2025-01-09 09:30:00+00:00,2025-01-09 10:00:00+00:00
34.1873,-118.12204,314.1,0.41,0.37,2025-01-09,09:30,N20,nominal,2.0NRT,285.52,1.29,N,J1,12.370000000000005,2025-01-09 09:30:00+00:00,2025-01-09 10:00:00+00:00
34.18792,-118.12651,312.3,0.41,0.37,2025-01-09,09:30,N20,nominal,2.0NRT,286.03,1.29,N,J1,12.879999999999995,2025-01-09 09:30:00+00:00,2025-01-09 10:00:00+00:00
34.18914,-118.13544,311.39,0.41,0.37,2025-01-09,09:30,N20,nominal,2.0NRT,285.23,1.85,N,J1,12.080000000000041,2025-01-09 09:30:00+00:00,2025-01-09 10:00:00+00:00
34.18976,-118.13994,309.36,0.41,0.37,2025-01-09,09:30,N20,nominal,2.0NRT,284.97,1.87,N,J1,11.82000000000005,2025-01-09 09:30:00+00:00,2025-01-09 10:00:00+00:00
34.19038,-118.14447,308.78,0.41,0.37,2025-01-09,09:30,N20,nominal,2.0NRT,286.22,1.87,N,J1,13.07000000000005,2025-01-09 09:30:00+00:00,2025-01-09 10:00:00+00:00
34.19099,-118.14894,314.38,0.42,0.37,2025-01-09,09:30,N20,nominal,2.0NRT,288.28,1.58,N,J1,15.129999999999995,2025-01-09 09:30:00+00:00,2025-01-09 10:00:00+00:00
34.19223,-118.15796,307.49,0.42,0.37,2025-01-09,09:30,N20,nominal,2.0NRT,283.46,1.26,N,J1,10.310000000000002,2025-01-09 09:30:00+00:00,2025-01-09 10:00:00+00:00
34.18853,-118.13095,324.49,0.41,0.37,2025-01-09,09:30,N20,nominal,2.0NRT,288.91,1.85,N,J1,15.760000000000048,2025-01-09 09:30:00+00:00,2025-01-09 10:00:00+00:00
34.19161,-118.15347,320.15,0.42,0.37,2025-01-09,09:30,N20,nominal,2.0NRT,288.73,1.58,N,J1,15.580000000000041,2025-01-09 09:30:00+00:00,2025-01-09 10:00:00+00:00
34.19009,-118.11677,300.24,0.41,0.37,2025-01-09,09:30,N20,nominal,2.0NRT,283.15,1.97,N,J1,10.0,2025-01-09 09:30:00+00:00,2025-01-09 10:00:00+00:00
34.1907,-118.12125,306.9,0.41,0.37,2025-01-09,09:30,N20,nominal,2.0NRT,284.55,1.21,N,J1,11.400000000000034,2025-01-09 09:30:00+00:00,2025-01-09 10:00:00+00:00
34.19781,-118.14745,308.0,0.42,0.37,2025-01-09,09:30,N20,nominal,2.0NRT,286.88,1.74,N,J1,13.730000000000018,2025-01-09 09:30:00+00:00,2025-01-09 10:00:00+00:00
34.19131,-118.12573,306.71,0.41,0.37,2025-01-09,09:30,N20,nominal,2.0NRT,285.11,1.21,N,J1,11.960000000000036,2025-01-09 09:30:00+00:00,2025-01-09 10:00:00+00:00
34.19379,-118.14369,311.34,0.41,0.37,2025-01-09,09:30,N20,nominal,2.0NRT,287.47,1.66,N,J1,14.32000000000005,2025-01-09 09:30:00+00:00,2025-01-09 10:00:00+00:00
34.1944,-118.14822,310.6,0.42,0.37,2025-01-09,09:30,N20,nominal,2.0NRT,287.35,1.74,N,J1,14.200000000000045,2025-01-09 09:30:00+00:00,2025-01-09 10:00:00+00:00
34.19502,-118.15271,315.68,0.42,0.37,2025-01-09,09:30,N20,nominal,2.0NRT,287.38,1.74,N,J1,14.230000000000018,2025-01-09 09:30:00+00:00,2025-01-09 10:00:00+00:00
34.19564,-118.15722,316.95,0.42,0.37,2025-01-09,09:30,N20,nominal,2.0NRT,285.71,2.0,N,J1,12.560000000000002,2025-01-09 09:30:00+00:00,2025-01-09 10:00:00+00:00
34.19193,-118.1302,323.31,0.41,0.37,2025-01-09,09:30,N20,nominal,2.0NRT,286.82,2.13,N,J1,13.670000000000016,2025-01-09 09:30:00+00:00,2025-01-09 10:00:00+00:00
34.19255,-118.13468,328.58,0.41,0.37,2025-01-09,09:30,N20,nominal,2.0NRT,289.98,2.13,N,J1,16.83000000000004,2025-01-09 09:30:00+00:00,2025-01-09 10:00:00+00:00
34.17996,-118.01809,299.78,0.41,0.37,2025-01-09,09:30,N20,nominal,2.0NRT,284.55,0.89,N,J1,11.400000000000034,2025-01-09 09:30:00+00:00,2025-01-09 10:00:00+00:00
34.19471,-118.12492,299.73,0.41,0.37,2025-01-09,09:30,N20,nominal,2.0NRT,283.83,1.21,N,J1,10.680000000000007,2025-01-09 09:30:00+00:00,2025-01-09 10:00:00+00:00
34.19533,-118.12942,312.42,0.41,0.37,2025-01-09,09:30,N20,nominal,2.0NRT,286.12,2.13,N,J1,12.970000000000027,2025-01-09 09:30:00+00:00,2025-01-09 10:00:00+00:00
34.19595,-118.13393,306.07,0.41,0.37,2025-01-09,09:30,N20,nominal,2.0NRT,285.97,2.13,N,J1,12.82000000000005,2025-01-09 09:30:00+00:00,2025-01-09 10:00:00+00:00
34.19657,-118.1384,311.72,0.41,0.37,2025-01-09,09:30,N20,nominal,2.0NRT,287.57,1.66,N,J1,14.420000000000016,2025-01-09 09:30:00+00:00,2025-01-09 10:00:00+00:00
34.19316,-118.13918,316.33,0.41,0.37,2025-01-09,09:30,N20,nominal,2.0NRT,288.25,1.66,N,J1,15.100000000000023,2025-01-09 09:30:00+00:00,2025-01-09 10:00:00+00:00
34.19886,-118.0535,312.31,0.41,0.37,2025-01-09,09:30,N20,nominal,2.0NRT,285.69,2.8,N,J1,12.54000000000002,2025-01-09 09:30:00+00:00,2025-01-09 10:00:00+00:00
34.08527,-118.58717,367.0,0.43,0.38,2025-01-09,09:30,N20,high,2.0NRT,341.96,42.39,N,J1,68.81,2025-01-09 09:30:00+00:00,2025-01-09 10:00:00+00:00
34.08408,-118.57808,344.86,0.43,0.38,2025-01-09,09:30,N20,nominal,2.0NRT,312.52,19.24,N,J1,39.370000000000005,2025-01-09 09:30:00+00:00,2025-01-09 10:00:00+00:00
33.85281,-118.33523,295.99,0.42,0.37,2025-01-09,09:30,N20,nominal,2.0NRT,284.72,1.1,N,J1,11.57000000000005,2025-01-09 09:30:00+00:00,2025-01-09 10:00:00+00:00
33.8522,-118.33072,298.97,0.42,0.37,2025-01-09,09:30,N20,nominal,2.0NRT,285.9,1.1,N,J1,12.75,2025-01-09 09:30:00+00:00,2025-01-09 10:00:00+00:00
33.81953,-118.24522,299.28,0.42,0.37,2025-01-09,09:30,N20,nominal,2.0NRT,284.15,1.08,N,J1,11.0,2025-01-09 09:30:00+00:00,2025-01-09 10:00:00+00:00
33.81968,-118.24335,300.71,0.41,0.37,2025-01-09,09:30,N20,nominal,2.0NRT,285.64,1.39,N,J1,12.490000000000009,2025-01-09 09:30:00+00:00,2025-01-09 10:00:00+00:00
33.71657,-117.70906,298.99,0.4,0.37,2025-01-09,09:30,N20,nominal,2.0NRT,279.58,0.59,N,J1,6.430000000000007,2025-01-09 09:30:00+00:00,2025-01-09 10:00:00+00:00
33.77682,-118.2381,296.32,0.41,0.37,2025-01-09,09:30,N20,nominal,2.0NRT,283.2,0.56,N,J1,10.050000000000011,2025-01-09 09:30:00+00:00,2025-01-09 10:00:00+00:00
33.61424,-117.82512,311.56,0.4,0.37,2025-01-09,09:30,N20,nominal,2.0NRT,279.69,1.16,N,J1,6.5400000000000205,2025-01-09 09:30:00+00:00,2025-01-09 10:00:00+00:00
34.04611,-118.54654,329.1,0.43,0.38,2025-01-09,09:30,N20,nominal,2.0NRT,290.52,2.39,N,J1,17.370000000000005,2025-01-09 09:30:00+00:00,2025-01-09 10:00:00+00:00
34.04585,-118.51836,318.43,0.42,0.38,2025-01-09,09:30,N20,nominal,2.0NRT,288.91,1.48,N,J1,15.760000000000048,2025-01-09 09:30:00+00:00,2025-01-09 10:00:00+00:00
34.04647,-118.52292,306.45,0.42,0.38,2025-01-09,09:30,N20,nominal,2.0NRT,287.96,1.48,N,J1,14.810000000000002,2025-01-09 09:30:00+00:00,2025-01-09 10:00:00+00:00
34.04833,-118.53666,315.64,0.42,0.38,2025-01-09,09:30,N20,nominal,2.0NRT,287.63,2.55,N,J1,14.480000000000018,2025-01-09 09:30:00+00:00,2025-01-09 10:00:00+00:00
34.06607,-118.66856,297.25,0.43,0.38,2025-01-09,09:30,N20,nominal,2.0NRT,283.05,0.69,N,J1,9.900000000000034,2025-01-09 09:30:00+00:00,2025-01-09 10:00:00+00:00
34.0667,-118.67324,299.06,0.43,0.38,2025-01-09,09:30,N20,nominal,2.0NRT,286.04,2.01,N,J1,12.890000000000043,2025-01-09 09:30:00+00:00,2025-01-09 10:00:00+00:00
34.04709,-118.52751,326.31,0.42,0.38,2025-01-09,09:30,N20,nominal,2.0NRT,288.35,2.06,N,J1,15.200000000000045,2025-01-09 09:30:00+00:00,2025-01-09 10:00:00+00:00
34.04894,-118.54121,326.68,0.42,0.38,2025-01-09,09:30,N20,nominal,2.0NRT,290.6,2.55,N,J1,17.450000000000045,2025-01-09 09:30:00+00:00,2025-01-09 10:00:00+00:00
34.04956,-118.54576,320.35,0.43,0.38,2025-01-09,09:30,N20,nominal,2.0NRT,288.96,2.39,N,J1,15.810000000000002,2025-01-09 09:30:00+00:00,2025-01-09 10:00:00+00:00
34.05017,-118.55029,327.58,0.43,0.38,2025-01-09,09:30,N20,nominal,2.0NRT,284.22,2.39,N,J1,11.07000000000005,2025-01-09 09:30:00+00:00,2025-01-09 10:00:00+00:00
34.06736,-118.67815,328.78,0.43,0.38,2025-01-09,09:30,N20,nominal,2.0NRT,287.31,2.01,N,J1,14.160000000000025,2025-01-09 09:30:00+00:00,2025-01-09 10:00:00+00:00
34.04992,-118.52216,318.96,0.42,0.38,2025-01-09,09:30,N20,nominal,2.0NRT,289.9,1.92,N,J1,16.75,2025-01-09 09:30:00+00:00,2025-01-09 10:00:00+00:00
34.05239,-118.54042,299.94,0.42,0.38,2025-01-09,09:30,N20,nominal,2.0NRT,284.77,1.09,N,J1,11.620000000000005,2025-01-09 09:30:00+00:00,2025-01-09 10:00:00+00:00
34.0493,-118.51759,320.44,0.42,0.38,2025-01-09,09:30,N20,nominal,2.0NRT,288.54,1.92,N,J1,15.390000000000043,2025-01-09 09:30:00+00:00,2025-01-09 10:00:00+00:00
34.05054,-118.52677,320.44,0.42,0.38,2025-01-09,09:30,N20,nominal,2.0NRT,287.75,1.59,N,J1,14.600000000000023,2025-01-09 09:30:00+00:00,2025-01-09 10:00:00+00:00
34.07017,-118.67254,327.48,0.43,0.38,2025-01-09,09:30,N20,nominal,2.0NRT,292.44,10.2,N,J1,19.29000000000002,2025-01-09 09:30:00+00:00,2025-01-09 10:00:00+00:00
34.03771,-118.64286,307.98,0.43,0.38,2025-01-09,09:30,N20,nominal,2.0NRT,285.98,0.89,N,J1,12.830000000000041,2025-01-09 09:30:00+00:00,2025-01-09 10:00:00+00:00
34.03832,-118.64745,299.25,0.43,0.38,2025-01-09,09:30,N20,nominal,2.0NRT,283.64,0.89,N,J1,10.490000000000009,2025-01-09 09:30:00+00:00,2025-01-09 10:00:00+00:00
34.03894,-118.65207,298.93,0.43,0.38,2025-01-09,09:30,N20,nominal,2.0NRT,283.29,0.63,N,J1,10.140000000000043,2025-01-09 09:30:00+00:00,2025-01-09 10:00:00+00:00
34.03955,-118.65668,295.51,0.43,0.38,2025-01-09,09:30,N20,nominal,2.0NRT,283.2,0.63,N,J1,10.050000000000011,2025-01-09 09:30:00+00:00,2025-01-09 10:00:00+00:00
34.04673,-118.55112,309.06,0.43,0.38,2025-01-09,09:30,N20,nominal,2.0NRT,284.35,2.39,N,J1,11.200000000000045,2025-01-09 09:30:00+00:00,2025-01-09 10:00:00+00:00
34.04549,-118.54196,311.36,0.42,0.38,2025-01-09,09:30,N20,nominal,2.0NRT,287.13,2.55,N,J1,13.980000000000018,2025-01-09 09:30:00+00:00,2025-01-09 10:00:00+00:00
34.04426,-118.53281,301.11,0.42,0.38,2025-01-09,09:30,N20,nominal,2.0NRT,284.69,2.06,N,J1,11.54000000000002,2025-01-09 09:30:00+00:00,2025-01-09 10:00:00+00:00
34.04302,-118.52364,316.85,0.42,0.38,2025-01-09,09:30,N20,nominal,2.0NRT,286.94,1.48,N,J1,13.79000000000002,2025-01-09 09:30:00+00:00,2025-01-09 10:00:00+00:00
34.0424,-118.51908,302.69,0.42,0.38,2025-01-09,09:30,N20,nominal,2.0NRT,285.28,1.48,N,J1,12.129999999999995,2025-01-09 09:30:00+00:00,2025-01-09 10:00:00+00:00
34.04329,-118.5519,346.31,0.43,0.38,2025-01-09,09:30,N20,nominal,2.0NRT,289.61,4.2,N,J1,16.460000000000036,2025-01-09 09:30:00+00:00,2025-01-09 10:00:00+00:00
34.04267,-118.5473,327.42,0.43,0.38,2025-01-09,09:30,N20,nominal,2.0NRT,289.74,4.2,N,J1,16.590000000000032,2025-01-09 09:30:00+00:00,2025-01-09 10:00:00+00:00
34.04452,-118.56104,300.52,0.43,0.38,2025-01-09,09:30,N20,nominal,2.0NRT,283.07,0.83,N,J1,9.920000000000016,2025-01-09 09:30:00+00:00,2025-01-09 10:00:00+00:00
34.04205,-118.54272,309.73,0.42,0.38,2025-01-09,09:30,N20,nominal,2.0NRT,286.73,1.45,N,J1,13.580000000000041,2025-01-09 09:30:00+00:00,2025-01-09 10:00:00+00:00
34.04144,-118.53819,314.6,0.42,0.38,2025-01-09,09:30,N20,nominal,2.0NRT,286.02,1.45,N,J1,12.870000000000005,2025-01-09 09:30:00+00:00,2025-01-09 10:00:00+00:00
34.04082,-118.53356,301.39,0.42,0.38,2025-01-09,09:30,N20,nominal,2.0NRT,284.99,1.17,N,J1,11.840000000000032,2025-01-09 09:30:00+00:00,2025-01-09 10:00:00+00:00
34.07084,-118.67753,338.61,0.43,0.38,2025-01-09,09:30,N20,nominal,2.0NRT,295.29,10.2,N,J1,22.140000000000043,2025-01-09 09:30:00+00:00,2025-01-09 10:00:00+00:00
34.04019,-118.52893,314.74,0.42,0.38,2025-01-09,09:30,N20,nominal,2.0NRT,288.71,1.17,N,J1,15.560000000000002,2025-01-09 09:30:00+00:00,2025-01-09 10:00:00+00:00
34.03896,-118.51977,303.57,0.42,0.38,2025-01-09,09:30,N20,nominal,2.0NRT,284.65,0.83,N,J1,11.5,2025-01-09 09:30:00+00:00,2025-01-09 10:00:00+00:00
34.04107,-118.56178,296.95,0.43,0.38,2025-01-09,09:30,N20,nominal,2.0NRT,283.32,0.83,N,J1,10.170000000000016,2025-01-09 09:30:00+00:00,2025-01-09 10:00:00+00:00
34.03984,-118.55269,299.68,0.43,0.38,2025-01-09,09:30,N20,nominal,2.0NRT,284.05,4.2,N,J1,10.900000000000034,2025-01-09 09:30:00+00:00,2025-01-09 10:00:00+00:00
34.03737,-118.53432,299.31,0.42,0.38,2025-01-09,09:30,N20,nominal,2.0NRT,283.61,1.17,N,J1,10.460000000000036,2025-01-09 09:30:00+00:00,2025-01-09 10:00:00+00:00
34.03674,-118.52967,313.72,0.42,0.38,2025-01-09,09:30,N20,nominal,2.0NRT,287.46,1.17,N,J1,14.310000000000002,2025-01-09 09:30:00+00:00,2025-01-09 10:00:00+00:00
34.03612,-118.52506,302.04,0.42,0.38,2025-01-09,09:30,N20,nominal,2.0NRT,283.61,0.83,N,J1,10.460000000000036,2025-01-09 09:30:00+00:00,2025-01-09 10:00:00+00:00
34.03551,-118.5205,297.49,0.42,0.38,2025-01-09,09:30,N20,nominal,2.0NRT,283.01,0.83,N,J1,9.860000000000014,2025-01-09 09:30:00+00:00,2025-01-09 10:00:00+00:00
34.04335,-118.63179,328.79,0.43,0.38,2025-01-09,09:30,N20,nominal,2.0NRT,284.03,3.03,N,J1,10.879999999999995,2025-01-09 09:30:00+00:00,2025-01-09 10:00:00+00:00
34.04177,-118.64661,303.7,0.43,0.38,2025-01-09,09:30,N20,nominal,2.0NRT,284.05,0.89,N,J1,10.900000000000034,2025-01-09 09:30:00+00:00,2025-01-09 10:00:00+00:00
34.04115,-118.64193,305.09,0.43,0.38,2025-01-09,09:30,N20,nominal,2.0NRT,284.87,0.89,N,J1,11.720000000000027,2025-01-09 09:30:00+00:00,2025-01-09 10:00:00+00:00
34.03869,-118.62357,297.0,0.43,0.38,2025-01-09,09:30,N20,nominal,2.0NRT,284.31,0.74,N,J1,11.160000000000025,2025-01-09 09:30:00+00:00,2025-01-09 10:00:00+00:00
34.03957,-118.52433,308.54,0.42,0.38,2025-01-09,09:30,N20,nominal,2.0NRT,285.42,0.83,N,J1,12.270000000000039,2025-01-09 09:30:00+00:00,2025-01-09 10:00:00+00:00
34.05336,-118.5214,308.83,0.42,0.38,2025-01-09,09:30,N20,nominal,2.0NRT,287.25,1.92,N,J1,14.100000000000023,2025-01-09 09:30:00+00:00,2025-01-09 10:00:00+00:00
34.05398,-118.52601,305.68,0.42,0.38,2025-01-09,09:30,N20,nominal,2.0NRT,285.63,1.59,N,J1,12.480000000000018,2025-01-09 09:30:00+00:00,2025-01-09 10:00:00+00:00
34.05644,-118.54417,296.66,0.43,0.38,2025-01-09,09:30,N20,nominal,2.0NRT,284.33,1.75,N,J1,11.180000000000007,2025-01-09 09:30:00+00:00,2025-01-09 10:00:00+00:00
34.07616,-118.55874,337.57,0.43,0.38,2025-01-09,09:30,N20,nominal,2.0NRT,290.7,2.59,N,J1,17.55000000000001,2025-01-09 09:30:00+00:00,2025-01-09 10:00:00+00:00
34.08116,-118.59558,329.18,0.43,0.38,2025-01-09,09:30,N20,nominal,2.0NRT,302.57,39.51,N,J1,29.420000000000016,2025-01-09 09:30:00+00:00,2025-01-09 10:00:00+00:00
34.07895,-118.55311,305.93,0.43,0.38,2025-01-09,09:30,N20,nominal,2.0NRT,284.98,1.09,N,J1,11.830000000000041,2025-01-09 09:30:00+00:00,2025-01-09 10:00:00+00:00
34.08026,-118.56274,323.92,0.43,0.38,2025-01-09,09:30,N20,nominal,2.0NRT,285.93,2.59,N,J1,12.78000000000003,2025-01-09 09:30:00+00:00,2025-01-09 10:00:00+00:00
34.08089,-118.56741,332.49,0.43,0.38,2025-01-09,09:30,N20,nominal,2.0NRT,287.95,4.31,N,J1,14.800000000000011,2025-01-09 09:30:00+00:00,2025-01-09 10:00:00+00:00
34.08151,-118.57198,335.74,0.43,0.38,2025-01-09,09:30,N20,nominal,2.0NRT,291.68,4.31,N,J1,18.53000000000003,2025-01-09 09:30:00+00:00,2025-01-09 10:00:00+00:00
34.0821,-118.57637,349.41,0.43,0.38,2025-01-09,09:30,N20,nominal,2.0NRT,317.18,36.31,N,J1,44.03000000000003,2025-01-09 09:30:00+00:00,2025-01-09 10:00:00+00:00
34.08272,-118.58089,353.34,0.43,0.38,2025-01-09,09:30,N20,nominal,2.0NRT,309.54,36.31,N,J1,36.39000000000004,2025-01-09 09:30:00+00:00,2025-01-09 10:00:00+00:00
34.08334,-118.58547,342.7,0.43,0.38,2025-01-09,09:30,N20,nominal,2.0NRT,305.92,34.62,N,J1,32.77000000000004,2025-01-09 09:30:00+00:00,2025-01-09 10:00:00+00:00
34.08397,-118.59014,341.63,0.43,0.38,2025-01-09,09:30,N20,nominal,2.0NRT,299.44,34.62,N,J1,26.29000000000002,2025-01-09 09:30:00+00:00,2025-01-09 10:00:00+00:00
34.08461,-118.59483,340.11,0.43,0.38,2025-01-09,09:30,N20,nominal,2.0NRT,301.93,39.51,N,J1,28.78000000000003,2025-01-09 09:30:00+00:00,2025-01-09 10:00:00+00:00
34.08053,-118.59093,305.15,0.43,0.38,2025-01-09,09:30,N20,nominal,2.0NRT,286.73,34.62,N,J1,13.580000000000041,2025-01-09 09:30:00+00:00,2025-01-09 10:00:00+00:00
34.07694,-118.55084,307.1,0.43,0.38,2025-01-09,09:30,N20,nominal,2.0NRT,285.82,0.9,N,J1,12.670000000000016,2025-01-09 09:30:00+00:00,2025-01-09 10:00:00+00:00
34.07819,-118.56045,311.29,0.43,0.38,2025-01-09,09:30,N20,nominal,2.0NRT,286.75,1.63,N,J1,13.600000000000023,2025-01-09 09:30:00+00:00,2025-01-09 10:00:00+00:00
34.08001,-118.57423,305.06,0.43,0.38,2025-01-09,09:30,N20,nominal,2.0NRT,287.49,10.72,N,J1,14.340000000000032,2025-01-09 09:30:00+00:00,2025-01-09 10:00:00+00:00
34.08121,-118.58327,298.64,0.43,0.38,2025-01-09,09:30,N20,nominal,2.0NRT,286.39,19.24,N,J1,13.240000000000009,2025-01-09 09:30:00+00:00,2025-01-09 10:00:00+00:00
34.08182,-118.58794,301.78,0.43,0.38,2025-01-09,09:30,N20,nominal,2.0NRT,285.59,42.39,N,J1,12.439999999999998,2025-01-09 09:30:00+00:00,2025-01-09 10:00:00+00:00
34.07882,-118.56517,323.99,0.43,0.38,2025-01-09,09:30,N20,nominal,2.0NRT,285.79,1.63,N,J1,12.640000000000043,2025-01-09 09:30:00+00:00,2025-01-09 10:00:00+00:00
34.07942,-118.56976,336.08,0.43,0.38,2025-01-09,09:30,N20,nominal,2.0NRT,288.89,10.72,N,J1,15.740000000000009,2025-01-09 09:30:00+00:00,2025-01-09 10:00:00+00:00
34.08244,-118.59264,327.67,0.43,0.38,2025-01-09,09:30,N20,nominal,2.0NRT,315.03,42.39,N,J1,41.879999999999995,2025-01-09 09:30:00+00:00,2025-01-09 10:00:00+00:00
34.08305,-118.59729,328.23,0.43,0.38,2025-01-09,09:30,N20,nominal,2.0NRT,295.22,40.48,N,J1,22.07000000000005,2025-01-09 09:30:00+00:00,2025-01-09 10:00:00+00:00
34.08227,-118.56444,300.73,0.43,0.38,2025-01-09,09:30,N20,nominal,2.0NRT,286.66,1.63,N,J1,13.510000000000048,2025-01-09 09:30:00+00:00,2025-01-09 10:00:00+00:00
34.08288,-118.56909,313.1,0.43,0.38,2025-01-09,09:30,N20,nominal,2.0NRT,288.62,10.72,N,J1,15.470000000000027,2025-01-09 09:30:00+00:00,2025-01-09 10:00:00+00:00
34.08348,-118.57362,350.38,0.43,0.38,2025-01-09,09:30,N20,nominal,2.0NRT,309.88,10.72,N,J1,36.73000000000002,2025-01-09 09:30:00+00:00,2025-01-09 10:00:00+00:00
34.07756,-118.55563,303.52,0.43,0.38,2025-01-09,09:30,N20,nominal,2.0NRT,284.77,0.9,N,J1,11.620000000000005,2025-01-09 09:30:00+00:00,2025-01-09 10:00:00+00:00
34.08467,-118.58262,355.51,0.43,0.38,2025-01-09,09:30,N20,nominal,2.0NRT,301.94,19.24,N,J1,28.79000000000002,2025-01-09 09:30:00+00:00,2025-01-09 10:00:00+00:00
34.07804,-118.57256,298.97,0.43,0.38,2025-01-09,09:30,N20,nominal,2.0NRT,284.98,4.31,N,J1,11.830000000000041,2025-01-09 09:30:00+00:00,2025-01-09 10:00:00+00:00
34.07681,-118.56352,296.97,0.43,0.38,2025-01-09,09:30,N20,nominal,2.0NRT,283.46,2.59,N,J1,10.310000000000002,2025-01-09 09:30:00+00:00,2025-01-09 10:00:00+00:00
34.06807,-118.63042,299.73,0.43,0.38,2025-01-09,09:30,N20,nominal,2.0NRT,282.53,0.44,N,J1,9.379999999999995,2025-01-09 09:30:00+00:00,2025-01-09 10:00:00+00:00
34.07363,-118.67181,318.59,0.43,0.38,2025-01-09,09:30,N20,nominal,2.0NRT,289.74,10.2,N,J1,16.590000000000032,2025-01-09 09:30:00+00:00,2025-01-09 10:00:00+00:00
34.05706,-118.54875,325.84,0.43,0.38,2025-01-09,09:30,N20,nominal,2.0NRT,285.59,1.75,N,J1,12.439999999999998,2025-01-09 09:30:00+00:00,2025-01-09 10:00:00+00:00
34.07431,-118.67686,344.92,0.43,0.38,2025-01-09,09:30,N20,nominal,2.0NRT,300.67,10.2,N,J1,27.52000000000004,2025-01-09 09:30:00+00:00,2025-01-09 10:00:00+00:00
34.06904,-118.61121,297.0,0.43,0.38,2025-01-09,09:30,N20,nominal,2.0NRT,283.76,6.25,N,J1,10.610000000000014,2025-01-09 09:30:00+00:00,2025-01-09 10:00:00+00:00
34.07643,-118.66614,303.11,0.43,0.38,2025-01-09,09:30,N20,nominal,2.0NRT,283.31,1.29,N,J1,10.160000000000025,2025-01-09 09:30:00+00:00,2025-01-09 10:00:00+00:00
34.0771,-118.67105,300.92,0.43,0.38,2025-01-09,09:30,N20,nominal,2.0NRT,285.19,1.15,N,J1,12.04000000000002,2025-01-09 09:30:00+00:00,2025-01-09 10:00:00+00:00
34.06049,-118.54789,324.03,0.43,0.38,2025-01-09,09:30,N20,nominal,2.0NRT,284.26,2.87,N,J1,11.110000000000014,2025-01-09 09:30:00+00:00,2025-01-09 10:00:00+00:00
34.06112,-118.5525,328.25,0.43,0.38,2025-01-09,09:30,N20,nominal,2.0NRT,283.93,3.2,N,J1,10.78000000000003,2025-01-09 09:30:00+00:00,2025-01-09 10:00:00+00:00
34.06783,-118.60225,330.11,0.43,0.38,2025-01-09,09:30,N20,nominal,2.0NRT,284.41,2.2,N,J1,11.260000000000048,2025-01-09 09:30:00+00:00,2025-01-09 10:00:00+00:00
34.0713,-118.60166,318.32,0.43,0.38,2025-01-09,09:30,N20,nominal,2.0NRT,285.18,2.2,N,J1,12.03000000000003,2025-01-09 09:30:00+00:00,2025-01-09 10:00:00+00:00
34.07743,-118.56809,310.65,0.43,0.38,2025-01-09,09:30,N20,nominal,2.0NRT,286.45,4.31,N,J1,13.300000000000011,2025-01-09 09:30:00+00:00,2025-01-09 10:00:00+00:00
34.07863,-118.65598,302.14,0.43,0.38,2025-01-09,09:30,N20,nominal,2.0NRT,282.3,0.21,N,J1,9.150000000000034,2025-01-09 09:30:00+00:00,2025-01-09 10:00:00+00:00
34.07251,-118.61053,346.14,0.43,0.38,2025-01-09,09:30,N20,nominal,2.0NRT,296.41,6.25,N,J1,23.260000000000048,2025-01-09 09:30:00+00:00,2025-01-09 10:00:00+00:00
34.07311,-118.61501,329.0,0.43,0.38,2025-01-09,09:30,N20,nominal,2.0NRT,286.87,7.17,N,J1,13.720000000000027,2025-01-09 09:30:00+00:00,2025-01-09 10:00:00+00:00
34.06863,-118.55556,314.7,0.43,0.38,2025-01-09,09:30,N20,nominal,2.0NRT,285.08,1.18,N,J1,11.930000000000007,2025-01-09 09:30:00+00:00,2025-01-09 10:00:00+00:00
34.06927,-118.5603,307.53,0.43,0.38,2025-01-09,09:30,N20,nominal,2.0NRT,285.69,2.05,N,J1,12.54000000000002,2025-01-09 09:30:00+00:00,2025-01-09 10:00:00+00:00
34.06989,-118.56483,313.14,0.43,0.38,2025-01-09,09:30,N20,nominal,2.0NRT,286.97,2.05,N,J1,13.82000000000005,2025-01-09 09:30:00+00:00,2025-01-09 10:00:00+00:00
34.07143,-118.55003,308.9,0.43,0.38,2025-01-09,09:30,N20,nominal,2.0NRT,284.63,1.18,N,J1,11.480000000000018,2025-01-09 09:30:00+00:00,2025-01-09 10:00:00+00:00
34.07207,-118.55476,302.44,0.43,0.38,2025-01-09,09:30,N20,nominal,2.0NRT,284.33,1.18,N,J1,11.180000000000007,2025-01-09 09:30:00+00:00,2025-01-09 10:00:00+00:00
34.07273,-118.55957,303.03,0.43,0.38,2025-01-09,09:30,N20,nominal,2.0NRT,283.98,2.05,N,J1,10.830000000000041,2025-01-09 09:30:00+00:00,2025-01-09 10:00:00+00:00
34.07769,-118.59625,306.06,0.43,0.38,2025-01-09,09:30,N20,nominal,2.0NRT,282.85,1.09,N,J1,9.700000000000045,2025-01-09 09:30:00+00:00,2025-01-09 10:00:00+00:00
34.07336,-118.56423,334.81,0.43,0.38,2025-01-09,09:30,N20,nominal,2.0NRT,289.38,2.05,N,J1,16.230000000000018,2025-01-09 09:30:00+00:00,2025-01-09 10:00:00+00:00
34.07486,-118.54919,301.36,0.43,0.38,2025-01-09,09:30,N20,nominal,2.0NRT,284.79,1.09,N,J1,11.640000000000043,2025-01-09 09:30:00+00:00,2025-01-09 10:00:00+00:00
34.08057,-118.67043,310.14,0.43,0.38,2025-01-09,09:30,N20,nominal,2.0NRT,285.19,1.15,N,J1,12.04000000000002,2025-01-09 09:30:00+00:00,2025-01-09 10:00:00+00:00
34.2013,-118.07111,299.91,0.41,0.37,2025-01-09,09:30,N20,nominal,2.0NRT,279.65,1.19,N,J1,6.5,2025-01-09 09:30:00+00:00,2025-01-09 10:00:00+00:00
34.20259,-118.08041,299.03,0.41,0.37,2025-01-09,09:30,N20,nominal,2.0NRT,281.34,0.78,N,J1,8.189999999999998,2025-01-09 09:30:00+00:00,2025-01-09 10:00:00+00:00
34.20224,-118.05264,296.75,0.41,0.37,2025-01-09,09:30,N20,nominal,2.0NRT,282.83,1.52,N,J1,9.680000000000007,2025-01-09 09:30:00+00:00,2025-01-09 10:00:00+00:00
34.21017,-118.05941,307.49,0.41,0.37,2025-01-09,09:30,N20,nominal,2.0NRT,283.59,1.83,N,J1,10.439999999999998,2025-01-09 09:30:00+00:00,2025-01-09 10:00:00+00:00
34.21077,-118.06375,303.11,0.41,0.37,2025-01-09,09:30,N20,nominal,2.0NRT,282.75,1.83,N,J1,9.600000000000023,2025-01-09 09:30:00+00:00,2025-01-09 10:00:00+00:00
34.22091,-118.13686,308.48,0.41,0.37,2025-01-09,09:30,N20,nominal,2.0NRT,281.78,1.36,N,J1,8.629999999999995,2025-01-09 09:30:00+00:00,2025-01-09 10:00:00+00:00
34.21144,-118.06852,343.61,0.41,0.37,2025-01-09,09:30,N20,nominal,2.0NRT,290.51,7.7,N,J1,17.360000000000014,2025-01-09 09:30:00+00:00,2025-01-09 10:00:00+00:00
34.21342,-118.08277,344.37,0.41,0.37,2025-01-09,09:30,N20,nominal,2.0NRT,287.73,6.25,N,J1,14.580000000000041,2025-01-09 09:30:00+00:00,2025-01-09 10:00:00+00:00
34.21403,-118.0872,334.48,0.41,0.37,2025-01-09,09:30,N20,nominal,2.0NRT,284.75,3.66,N,J1,11.600000000000023,2025-01-09 09:30:00+00:00,2025-01-09 10:00:00+00:00
34.21462,-118.09145,321.77,0.41,0.37,2025-01-09,09:30,N20,nominal,2.0NRT,283.71,3.66,N,J1,10.560000000000002,2025-01-09 09:30:00+00:00,2025-01-09 10:00:00+00:00
34.2096,-118.05526,295.35,0.41,0.37,2025-01-09,09:30,N20,nominal,2.0NRT,282.6,0.81,N,J1,9.450000000000045,2025-01-09 09:30:00+00:00,2025-01-09 10:00:00+00:00
34.21521,-118.09566,329.95,0.41,0.37,2025-01-09,09:30,N20,nominal,2.0NRT,285.6,6.34,N,J1,12.450000000000045,2025-01-09 09:30:00+00:00,2025-01-09 10:00:00+00:00
34.21481,-118.0676,323.61,0.41,0.37,2025-01-09,09:30,N20,nominal,2.0NRT,283.73,7.7,N,J1,10.580000000000041,2025-01-09 09:30:00+00:00,2025-01-09 10:00:00+00:00
34.14361,-117.4302,297.53,0.4,0.37,2025-01-09,09:30,N20,nominal,2.0NRT,281.01,0.36,N,J1,7.860000000000014,2025-01-09 09:30:00+00:00,2025-01-09 10:00:00+00:00
34.4318,-118.64724,312.12,0.43,0.38,2025-01-09,09:30,N20,nominal,2.0NRT,276.54,1.79,N,J1,3.390000000000043,2025-01-09 09:30:00+00:00,2025-01-09 10:00:00+00:00
34.35592,-116.85197,295.84,0.39,0.36,2025-01-09,09:30,N20,nominal,2.0NRT,275.87,0.71,N,J1,2.7200000000000273,2025-01-09 09:30:00+00:00,2025-01-09 10:00:00+00:00
34.6091,-117.33541,307.92,0.4,0.37,2025-01-09,09:30,N20,nominal,2.0NRT,274.46,0.82,N,J1,1.3100000000000023,2025-01-09 09:30:00+00:00,2025-01-09 10:00:00+00:00
34.62354,-117.10116,306.14,0.4,0.37,2025-01-09,09:30,N20,nominal,2.0NRT,274.25,1.32,N,J1,1.1000000000000227,2025-01-09 09:30:00+00:00,2025-01-09 10:00:00+00:00
34.04364,-118.52821,324.6,0.42,0.38,2025-01-09,09:30,N20,nominal,2.0NRT,290.14,2.06,N,J1,16.99000000000001,2025-01-09 09:30:00+00:00,2025-01-09 10:00:00+00:00
34.21415,-118.06288,327.81,0.41,0.37,2025-01-09,09:30,N20,nominal,2.0NRT,283.94,1.83,N,J1,10.79000000000002,2025-01-09 09:30:00+00:00,2025-01-09 10:00:00+00:00
34.22007,-118.15618,327.33,0.42,0.37,2025-01-09,09:30,N20,nominal,2.0NRT,284.0,4.08,N,J1,10.850000000000023,2025-01-09 09:30:00+00:00,2025-01-09 10:00:00+00:00
34.04488,-118.5374,333.64,0.42,0.38,2025-01-09,09:30,N20,nominal,2.0NRT,291.22,2.55,N,J1,18.07000000000005,2025-01-09 09:30:00+00:00,2025-01-09 10:00:00+00:00
34.21881,-118.14704,327.96,0.42,0.37,2025-01-09,09:30,N20,nominal,2.0NRT,284.52,3.02,N,J1,11.370000000000005,2025-01-09 09:30:00+00:00,2025-01-09 10:00:00+00:00
34.21944,-118.15164,347.03,0.42,0.37,2025-01-09,09:30,N20,nominal,2.0NRT,292.56,4.08,N,J1,19.410000000000025,2025-01-09 09:30:00+00:00,2025-01-09 10:00:00+00:00
34.20283,-118.0569,318.37,0.41,0.37,2025-01-09,09:30,N20,nominal,2.0NRT,285.14,1.52,N,J1,11.990000000000009,2025-01-09 09:30:00+00:00,2025-01-09 10:00:00+00:00
34.20341,-118.06113,296.75,0.41,0.37,2025-01-09,09:30,N20,nominal,2.0NRT,282.06,3.45,N,J1,8.910000000000025,2025-01-09 09:30:00+00:00,2025-01-09 10:00:00+00:00
34.20403,-118.06556,315.12,0.41,0.37,2025-01-09,09:30,N20,nominal,2.0NRT,282.85,3.45,N,J1,9.700000000000045,2025-01-09 09:30:00+00:00,2025-01-09 10:00:00+00:00
34.20467,-118.07019,311.74,0.41,0.37,2025-01-09,09:30,N20,nominal,2.0NRT,283.55,1.46,N,J1,10.400000000000034,2025-01-09 09:30:00+00:00,2025-01-09 10:00:00+00:00
34.20533,-118.07491,299.35,0.41,0.37,2025-01-09,09:30,N20,nominal,2.0NRT,284.03,1.46,N,J1,10.879999999999995,2025-01-09 09:30:00+00:00,2025-01-09 10:00:00+00:00
34.21668,-118.15703,297.08,0.42,0.37,2025-01-09,09:30,N20,nominal,2.0NRT,281.78,4.08,N,J1,8.629999999999995,2025-01-09 09:30:00+00:00,2025-01-09 10:00:00+00:00
34.20598,-118.07967,320.81,0.41,0.37,2025-01-09,09:30,N20,nominal,2.0NRT,284.42,2.07,N,J1,11.270000000000039,2025-01-09 09:30:00+00:00,2025-01-09 10:00:00+00:00
34.21606,-118.1525,304.11,0.42,0.37,2025-01-09,09:30,N20,nominal,2.0NRT,281.91,4.08,N,J1,8.760000000000048,2025-01-09 09:30:00+00:00,2025-01-09 10:00:00+00:00
34.21543,-118.14794,329.05,0.42,0.37,2025-01-09,09:30,N20,nominal,2.0NRT,283.93,3.02,N,J1,10.78000000000003,2025-01-09 09:30:00+00:00,2025-01-09 10:00:00+00:00
34.20621,-118.05606,315.62,0.41,0.37,2025-01-09,09:30,N20,nominal,2.0NRT,286.03,1.52,N,J1,12.879999999999995,2025-01-09 09:30:00+00:00,2025-01-09 10:00:00+00:00
34.21003,-118.08356,302.06,0.41,0.37,2025-01-09,09:30,N20,nominal,2.0NRT,282.93,2.07,N,J1,9.78000000000003,2025-01-09 09:30:00+00:00,2025-01-09 10:00:00+00:00
34.21064,-118.088,310.15,0.41,0.37,2025-01-09,09:30,N20,nominal,2.0NRT,283.55,1.49,N,J1,10.400000000000034,2025-01-09 09:30:00+00:00,2025-01-09 10:00:00+00:00
34.21181,-118.0965,296.38,0.41,0.37,2025-01-09,09:30,N20,nominal,2.0NRT,279.23,0.32,N,J1,6.080000000000041,2025-01-09 09:30:00+00:00,2025-01-09 10:00:00+00:00
34.20679,-118.06027,345.62,0.41,0.37,2025-01-09,09:30,N20,nominal,2.0NRT,291.96,3.45,N,J1,18.810000000000002,2025-01-09 09:30:00+00:00,2025-01-09 10:00:00+00:00
34.2074,-118.06464,342.98,0.41,0.37,2025-01-09,09:30,N20,nominal,2.0NRT,288.95,3.45,N,J1,15.800000000000011,2025-01-09 09:30:00+00:00,2025-01-09 10:00:00+00:00
34.20663,-118.08433,329.23,0.41,0.37,2025-01-09,09:30,N20,nominal,2.0NRT,283.37,2.07,N,J1,10.220000000000027,2025-01-09 09:30:00+00:00,2025-01-09 10:00:00+00:00
34.18143,-118.13155,297.79,0.34,0.56,2025-01-09,10:21,N21,nominal,2.0NRT,282.39,1.11,N,J2,9.240000000000009,2025-01-09 10:21:00+00:00,2025-01-09 10:00:00+00:00
34.09872,-118.53149,301.27,0.32,0.55,2025-01-09,10:21,N21,nominal,2.0NRT,284.98,4.24,N,J2,11.830000000000041,2025-01-09 10:21:00+00:00,2025-01-09 10:00:00+00:00
34.09628,-118.52134,354.35,0.32,0.55,2025-01-09,10:21,N21,nominal,2.0NRT,288.08,13.32,N,J2,14.930000000000007,2025-01-09 10:21:00+00:00,2025-01-09 10:00:00+00:00
34.09705,-118.52452,367.0,0.32,0.55,2025-01-09,10:21,N21,high,2.0NRT,291.54,13.32,N,J2,18.390000000000043,2025-01-09 10:21:00+00:00,2025-01-09 10:00:00+00:00
34.03313,-118.10626,295.92,0.34,0.56,2025-01-09,10:21,N21,nominal,2.0NRT,278.6,0.42,N,J2,5.4500000000000455,2025-01-09 10:21:00+00:00,2025-01-09 10:00:00+00:00
34.15409,-118.19014,300.66,0.33,0.56,2025-01-09,10:21,N21,nominal,2.0NRT,277.89,1.38,N,J2,4.740000000000009,2025-01-09 10:21:00+00:00,2025-01-09 10:00:00+00:00
34.18057,-118.12804,295.63,0.34,0.56,2025-01-09,10:21,N21,nominal,2.0NRT,281.87,1.11,N,J2,8.720000000000027,2025-01-09 10:21:00+00:00,2025-01-09 10:00:00+00:00
34.18229,-118.13503,297.73,0.34,0.56,2025-01-09,10:21,N21,nominal,2.0NRT,281.73,1.27,N,J2,8.580000000000041,2025-01-09 10:21:00+00:00,2025-01-09 10:00:00+00:00
34.18904,-118.14066,303.66,0.34,0.56,2025-01-09,10:21,N21,nominal,2.0NRT,284.84,1.15,N,J2,11.689999999999998,2025-01-09 10:21:00+00:00,2025-01-09 10:00:00+00:00
34.18744,-118.15587,298.12,0.33,0.56,2025-01-09,10:21,N21,nominal,2.0NRT,282.43,1.36,N,J2,9.28000000000003,2025-01-09 10:21:00+00:00,2025-01-09 10:00:00+00:00
34.18471,-118.12311,299.83,0.34,0.56,2025-01-09,10:21,N21,nominal,2.0NRT,283.59,1.45,N,J2,10.439999999999998,2025-01-09 10:21:00+00:00,2025-01-09 10:00:00+00:00
34.18559,-118.12666,304.12,0.34,0.56,2025-01-09,10:21,N21,nominal,2.0NRT,284.47,1.11,N,J2,11.32000000000005,2025-01-09 10:21:00+00:00,2025-01-09 10:00:00+00:00
34.18645,-118.13019,312.3,0.34,0.56,2025-01-09,10:21,N21,nominal,2.0NRT,287.06,1.11,N,J2,13.910000000000025,2025-01-09 10:21:00+00:00,2025-01-09 10:00:00+00:00
34.18732,-118.1337,309.54,0.34,0.56,2025-01-09,10:21,N21,nominal,2.0NRT,285.2,1.27,N,J2,12.050000000000011,2025-01-09 10:21:00+00:00,2025-01-09 10:00:00+00:00
34.18818,-118.13718,296.62,0.34,0.56,2025-01-09,10:21,N21,nominal,2.0NRT,283.35,1.27,N,J2,10.200000000000045,2025-01-09 10:21:00+00:00,2025-01-09 10:00:00+00:00
34.09785,-118.52782,318.91,0.32,0.55,2025-01-09,10:21,N21,nominal,2.0NRT,286.44,4.24,N,J2,13.29000000000002,2025-01-09 10:21:00+00:00,2025-01-09 10:00:00+00:00
34.18989,-118.14412,301.52,0.34,0.56,2025-01-09,10:21,N21,nominal,2.0NRT,285.7,1.15,N,J2,12.550000000000011,2025-01-09 10:21:00+00:00,2025-01-09 10:00:00+00:00
34.19074,-118.14756,305.33,0.34,0.56,2025-01-09,10:21,N21,nominal,2.0NRT,286.47,1.48,N,J2,13.32000000000005,2025-01-09 10:21:00+00:00,2025-01-09 10:00:00+00:00
34.18659,-118.15242,309.93,0.34,0.56,2025-01-09,10:21,N21,nominal,2.0NRT,282.25,1.48,N,J2,9.100000000000023,2025-01-09 10:21:00+00:00,2025-01-09 10:00:00+00:00
34.09677,-118.54516,367.0,0.32,0.55,2025-01-09,10:21,N21,high,2.0NRT,297.79,15.16,N,J2,24.640000000000043,2025-01-09 10:21:00+00:00,2025-01-09 10:00:00+00:00
34.09764,-118.54879,295.49,0.32,0.55,2025-01-09,10:21,N21,nominal,2.0NRT,284.56,15.16,N,J2,11.410000000000025,2025-01-09 10:21:00+00:00,2025-01-09 10:00:00+00:00
34.09481,-118.53698,367.0,0.32,0.55,2025-01-09,10:21,N21,high,2.0NRT,309.64,21.23,N,J2,36.49000000000001,2025-01-09 10:21:00+00:00,2025-01-09 10:00:00+00:00
34.08636,-118.56709,332.97,0.32,0.55,2025-01-09,10:21,N21,nominal,2.0NRT,291.39,10.28,N,J2,18.24000000000001,2025-01-09 10:21:00+00:00,2025-01-09 10:00:00+00:00
34.08715,-118.5703,367.0,0.32,0.55,2025-01-09,10:21,N21,high,2.0NRT,296.56,10.28,N,J2,23.410000000000025,2025-01-09 10:21:00+00:00,2025-01-09 10:00:00+00:00
34.08994,-118.56024,298.12,0.32,0.55,2025-01-09,10:21,N21,nominal,2.0NRT,287.39,1.29,N,J2,14.240000000000009,2025-01-09 10:21:00+00:00,2025-01-09 10:00:00+00:00
34.08724,-118.52734,299.73,0.32,0.55,2025-01-09,10:21,N21,nominal,2.0NRT,288.17,20.96,N,J2,15.020000000000039,2025-01-09 10:21:00+00:00,2025-01-09 10:00:00+00:00
34.08814,-118.53107,304.73,0.32,0.55,2025-01-09,10:21,N21,nominal,2.0NRT,288.8,37.29,N,J2,15.650000000000034,2025-01-09 10:21:00+00:00,2025-01-09 10:00:00+00:00
34.08912,-118.53513,316.0,0.32,0.55,2025-01-09,10:21,N21,nominal,2.0NRT,291.48,37.29,N,J2,18.33000000000004,2025-01-09 10:21:00+00:00,2025-01-09 10:00:00+00:00
34.09008,-118.53915,319.47,0.32,0.55,2025-01-09,10:21,N21,nominal,2.0NRT,290.87,21.23,N,J2,17.720000000000027,2025-01-09 10:21:00+00:00,2025-01-09 10:00:00+00:00
34.08557,-118.52043,345.24,0.32,0.55,2025-01-09,10:21,N21,nominal,2.0NRT,288.57,5.78,N,J2,15.420000000000016,2025-01-09 10:21:00+00:00,2025-01-09 10:00:00+00:00
34.09101,-118.54301,352.37,0.32,0.55,2025-01-09,10:21,N21,nominal,2.0NRT,294.45,21.23,N,J2,21.30000000000001,2025-01-09 10:21:00+00:00,2025-01-09 10:00:00+00:00
34.09191,-118.54675,367.0,0.32,0.55,2025-01-09,10:21,N21,high,2.0NRT,297.77,15.16,N,J2,24.620000000000005,2025-01-09 10:21:00+00:00,2025-01-09 10:00:00+00:00
34.09274,-118.55019,367.0,0.32,0.55,2025-01-09,10:21,N21,high,2.0NRT,293.81,15.16,N,J2,20.660000000000025,2025-01-09 10:21:00+00:00,2025-01-09 10:00:00+00:00
34.09354,-118.55348,351.32,0.32,0.55,2025-01-09,10:21,N21,nominal,2.0NRT,289.64,9.69,N,J2,16.49000000000001,2025-01-09 10:21:00+00:00,2025-01-09 10:00:00+00:00
34.09428,-118.55653,367.0,0.32,0.55,2025-01-09,10:21,N21,high,2.0NRT,289.86,9.69,N,J2,16.710000000000036,2025-01-09 10:21:00+00:00,2025-01-09 10:00:00+00:00
34.19159,-118.15099,308.92,0.34,0.56,2025-01-09,10:21,N21,nominal,2.0NRT,287.2,1.48,N,J2,14.050000000000011,2025-01-09 10:21:00+00:00,2025-01-09 10:00:00+00:00
34.09053,-118.51926,342.17,0.32,0.55,2025-01-09,10:21,N21,nominal,2.0NRT,287.11,5.78,N,J2,13.960000000000036,2025-01-09 10:21:00+00:00,2025-01-09 10:00:00+00:00
34.09132,-118.52251,367.0,0.32,0.55,2025-01-09,10:21,N21,high,2.0NRT,295.09,20.96,N,J2,21.939999999999998,2025-01-09 10:21:00+00:00,2025-01-09 10:00:00+00:00
34.09211,-118.5258,320.88,0.32,0.55,2025-01-09,10:21,N21,nominal,2.0NRT,304.85,20.96,N,J2,31.700000000000045,2025-01-09 10:21:00+00:00,2025-01-09 10:00:00+00:00
34.09295,-118.52926,346.19,0.32,0.55,2025-01-09,10:21,N21,nominal,2.0NRT,332.53,37.29,N,J2,59.379999999999995,2025-01-09 10:21:00+00:00,2025-01-09 10:00:00+00:00
34.09386,-118.53306,346.24,0.32,0.55,2025-01-09,10:21,N21,nominal,2.0NRT,324.6,37.29,N,J2,51.450000000000045,2025-01-09 10:21:00+00:00,2025-01-09 10:00:00+00:00
34.09579,-118.54109,343.43,0.32,0.55,2025-01-09,10:21,N21,nominal,2.0NRT,299.36,21.23,N,J2,26.210000000000036,2025-01-09 10:21:00+00:00,2025-01-09 10:00:00+00:00
34.19243,-118.15442,308.66,0.33,0.56,2025-01-09,10:21,N21,nominal,2.0NRT,286.29,1.36,N,J2,13.140000000000043,2025-01-09 10:21:00+00:00,2025-01-09 10:00:00+00:00
34.60697,-117.33717,311.26,0.36,0.58,2025-01-09,10:21,N21,nominal,2.0NRT,275.43,1.84,N,J2,2.2800000000000296,2025-01-09 10:21:00+00:00,2025-01-09 10:00:00+00:00
34.18887,-118.11825,296.22,0.34,0.56,2025-01-09,10:21,N21,nominal,2.0NRT,283.27,1.24,N,J2,10.120000000000005,2025-01-09 10:21:00+00:00,2025-01-09 10:00:00+00:00
34.2171,-118.146,308.46,0.34,0.56,2025-01-09,10:21,N21,nominal,2.0NRT,282.99,1.3,N,J2,9.840000000000032,2025-01-09 10:21:00+00:00,2025-01-09 10:00:00+00:00
34.19505,-118.05621,297.79,0.34,0.56,2025-01-09,10:21,N21,nominal,2.0NRT,282.56,1.96,N,J2,9.410000000000025,2025-01-09 10:21:00+00:00,2025-01-09 10:00:00+00:00
34.18485,-118.01465,311.78,0.34,0.56,2025-01-09,10:21,N21,nominal,2.0NRT,281.85,1.34,N,J2,8.700000000000045,2025-01-09 10:21:00+00:00,2025-01-09 10:00:00+00:00
34.21434,-118.15652,311.27,0.33,0.56,2025-01-09,10:21,N21,nominal,2.0NRT,282.51,1.24,N,J2,9.360000000000014,2025-01-09 10:21:00+00:00,2025-01-09 10:00:00+00:00
34.18124,-118.02187,302.53,0.34,0.56,2025-01-09,10:21,N21,nominal,2.0NRT,283.95,1.57,N,J2,10.800000000000011,2025-01-09 10:21:00+00:00,2025-01-09 10:00:00+00:00
34.18034,-118.01821,315.2,0.34,0.56,2025-01-09,10:21,N21,nominal,2.0NRT,284.15,2.39,N,J2,11.0,2025-01-09 10:21:00+00:00,2025-01-09 10:00:00+00:00
34.1966,-118.12789,332.42,0.34,0.56,2025-01-09,10:21,N21,nominal,2.0NRT,285.87,1.8,N,J2,12.720000000000027,2025-01-09 10:21:00+00:00,2025-01-09 10:00:00+00:00
34.20245,-118.15166,296.49,0.33,0.56,2025-01-09,10:21,N21,nominal,2.0NRT,282.36,1.15,N,J2,9.210000000000036,2025-01-09 10:21:00+00:00,2025-01-09 10:00:00+00:00
34.20163,-118.14832,301.95,0.34,0.56,2025-01-09,10:21,N21,nominal,2.0NRT,284.69,1.09,N,J2,11.54000000000002,2025-01-09 10:21:00+00:00,2025-01-09 10:00:00+00:00
34.2179,-118.14925,318.15,0.33,0.56,2025-01-09,10:21,N21,nominal,2.0NRT,283.92,3.39,N,J2,10.770000000000039,2025-01-09 10:21:00+00:00,2025-01-09 10:00:00+00:00
34.2008,-118.14495,301.37,0.34,0.56,2025-01-09,10:21,N21,nominal,2.0NRT,285.16,1.09,N,J2,12.010000000000048,2025-01-09 10:21:00+00:00,2025-01-09 10:00:00+00:00
34.19914,-118.13821,302.88,0.34,0.56,2025-01-09,10:21,N21,nominal,2.0NRT,285.43,1.13,N,J2,12.28000000000003,2025-01-09 10:21:00+00:00,2025-01-09 10:00:00+00:00
34.19831,-118.13482,298.19,0.34,0.56,2025-01-09,10:21,N21,nominal,2.0NRT,284.6,1.64,N,J2,11.450000000000045,2025-01-09 10:21:00+00:00,2025-01-09 10:00:00+00:00
34.19747,-118.13139,304.89,0.34,0.56,2025-01-09,10:21,N21,nominal,2.0NRT,285.34,1.64,N,J2,12.189999999999998,2025-01-09 10:21:00+00:00,2025-01-09 10:00:00+00:00
34.19572,-118.12432,296.19,0.34,0.56,2025-01-09,10:21,N21,nominal,2.0NRT,283.47,1.8,N,J2,10.32000000000005,2025-01-09 10:21:00+00:00,2025-01-09 10:00:00+00:00
34.19827,-118.15639,302.16,0.33,0.56,2025-01-09,10:21,N21,nominal,2.0NRT,283.61,1.15,N,J2,10.460000000000036,2025-01-09 10:21:00+00:00,2025-01-09 10:00:00+00:00
34.19744,-118.15301,307.14,0.33,0.56,2025-01-09,10:21,N21,nominal,2.0NRT,286.53,1.15,N,J2,13.379999999999995,2025-01-09 10:21:00+00:00,2025-01-09 10:00:00+00:00
34.1966,-118.14961,302.89,0.34,0.56,2025-01-09,10:21,N21,nominal,2.0NRT,285.13,1.09,N,J2,11.980000000000018,2025-01-09 10:21:00+00:00,2025-01-09 10:00:00+00:00
34.19577,-118.14622,301.86,0.34,0.56,2025-01-09,10:21,N21,nominal,2.0NRT,286.26,1.09,N,J2,13.110000000000014,2025-01-09 10:21:00+00:00,2025-01-09 10:00:00+00:00
34.19493,-118.14284,302.45,0.34,0.56,2025-01-09,10:21,N21,nominal,2.0NRT,286.04,1.13,N,J2,12.890000000000043,2025-01-09 10:21:00+00:00,2025-01-09 10:00:00+00:00
34.19997,-118.14159,300.76,0.34,0.56,2025-01-09,10:21,N21,nominal,2.0NRT,285.64,1.13,N,J2,12.490000000000009,2025-01-09 10:21:00+00:00,2025-01-09 10:00:00+00:00
34.19328,-118.15783,306.19,0.33,0.56,2025-01-09,10:21,N21,nominal,2.0NRT,283.59,1.36,N,J2,10.439999999999998,2025-01-09 10:21:00+00:00,2025-01-09 10:00:00+00:00
34.21952,-118.15589,302.37,0.33,0.56,2025-01-09,10:21,N21,nominal,2.0NRT,281.66,2.48,N,J2,8.510000000000048,2025-01-09 10:21:00+00:00,2025-01-09 10:00:00+00:00
34.20607,-118.0792,305.08,0.34,0.56,2025-01-09,10:21,N21,nominal,2.0NRT,281.86,2.02,N,J2,8.710000000000036,2025-01-09 10:21:00+00:00,2025-01-09 10:00:00+00:00
34.18975,-118.12183,301.95,0.34,0.56,2025-01-09,10:21,N21,nominal,2.0NRT,284.4,1.24,N,J2,11.25,2025-01-09 10:21:00+00:00,2025-01-09 10:00:00+00:00
34.19064,-118.1254,300.84,0.34,0.56,2025-01-09,10:21,N21,nominal,2.0NRT,284.48,1.8,N,J2,11.330000000000041,2025-01-09 10:21:00+00:00,2025-01-09 10:00:00+00:00
34.19152,-118.12898,313.7,0.34,0.56,2025-01-09,10:21,N21,nominal,2.0NRT,285.95,1.8,N,J2,12.800000000000011,2025-01-09 10:21:00+00:00,2025-01-09 10:00:00+00:00
34.19238,-118.13249,313.89,0.34,0.56,2025-01-09,10:21,N21,nominal,2.0NRT,286.62,1.64,N,J2,13.470000000000027,2025-01-09 10:21:00+00:00,2025-01-09 10:00:00+00:00
34.61926,-117.09917,295.61,0.37,0.58,2025-01-09,10:21,N21,nominal,2.0NRT,274.01,0.99,N,J2,0.8600000000000136,2025-01-09 10:21:00+00:00,2025-01-09 10:00:00+00:00
34.08798,-118.57376,295.49,0.32,0.54,2025-01-09,10:21,N21,nominal,2.0NRT,284.59,6.29,N,J2,11.439999999999998,2025-01-09 10:21:00+00:00,2025-01-09 10:00:00+00:00
34.21369,-118.0666,341.41,0.34,0.56,2025-01-09,10:21,N21,nominal,2.0NRT,286.7,6.38,N,J2,13.550000000000011,2025-01-09 10:21:00+00:00,2025-01-09 10:00:00+00:00
34.213,-118.06381,345.95,0.34,0.56,2025-01-09,10:21,N21,nominal,2.0NRT,287.08,6.38,N,J2,13.930000000000007,2025-01-09 10:21:00+00:00,2025-01-09 10:00:00+00:00
34.21209,-118.06007,331.1,0.34,0.56,2025-01-09,10:21,N21,nominal,2.0NRT,284.92,2.25,N,J2,11.770000000000039,2025-01-09 10:21:00+00:00,2025-01-09 10:00:00+00:00
34.2187,-118.15253,340.26,0.33,0.56,2025-01-09,10:21,N21,nominal,2.0NRT,286.63,3.39,N,J2,13.480000000000018,2025-01-09 10:21:00+00:00,2025-01-09 10:00:00+00:00
34.2136,-118.08807,326.35,0.34,0.56,2025-01-09,10:21,N21,nominal,2.0NRT,283.86,1.98,N,J2,10.710000000000036,2025-01-09 10:21:00+00:00,2025-01-09 10:00:00+00:00
34.20771,-118.06411,348.73,0.34,0.56,2025-01-09,10:21,N21,nominal,2.0NRT,288.18,6.38,N,J2,15.03000000000003,2025-01-09 10:21:00+00:00,2025-01-09 10:00:00+00:00
34.21476,-118.09281,316.08,0.34,0.56,2025-01-09,10:21,N21,nominal,2.0NRT,282.76,1.98,N,J2,9.610000000000014,2025-01-09 10:21:00+00:00,2025-01-09 10:00:00+00:00
34.20676,-118.0602,300.35,0.34,0.56,2025-01-09,10:21,N21,nominal,2.0NRT,284.07,2.25,N,J2,10.920000000000016,2025-01-09 10:21:00+00:00,2025-01-09 10:00:00+00:00
34.20551,-118.05508,296.13,0.34,0.56,2025-01-09,10:21,N21,nominal,2.0NRT,282.73,2.25,N,J2,9.580000000000041,2025-01-09 10:21:00+00:00,2025-01-09 10:00:00+00:00
34.20753,-118.08516,345.71,0.34,0.56,2025-01-09,10:21,N21,nominal,2.0NRT,283.03,7.16,N,J2,9.879999999999995,2025-01-09 10:21:00+00:00,2025-01-09 10:00:00+00:00
34.20678,-118.0821,348.66,0.34,0.56,2025-01-09,10:21,N21,nominal,2.0NRT,283.6,7.16,N,J2,10.450000000000045,2025-01-09 10:21:00+00:00,2025-01-09 10:00:00+00:00
34.20538,-118.07645,320.98,0.34,0.56,2025-01-09,10:21,N21,nominal,2.0NRT,284.02,2.02,N,J2,10.870000000000005,2025-01-09 10:21:00+00:00,2025-01-09 10:00:00+00:00
34.20324,-118.06773,324.08,0.34,0.56,2025-01-09,10:21,N21,nominal,2.0NRT,284.97,2.34,N,J2,11.82000000000005,2025-01-09 10:21:00+00:00,2025-01-09 10:00:00+00:00
34.20246,-118.06458,320.45,0.34,0.56,2025-01-09,10:21,N21,nominal,2.0NRT,284.48,2.34,N,J2,11.330000000000041,2025-01-09 10:21:00+00:00,2025-01-09 10:00:00+00:00
34.20846,-118.06714,335.39,0.34,0.56,2025-01-09,10:21,N21,nominal,2.0NRT,284.86,6.38,N,J2,11.710000000000036,2025-01-09 10:21:00+00:00,2025-01-09 10:00:00+00:00
34.08562,-118.56403,302.1,0.32,0.55,2025-01-09,10:21,N21,nominal,2.0NRT,288.22,1.29,N,J2,15.07000000000005,2025-01-09 10:21:00+00:00,2025-01-09 10:00:00+00:00
34.07992,-118.56213,302.45,0.32,0.55,2025-01-09,10:21,N21,nominal,2.0NRT,285.15,1.18,N,J2,12.0,2025-01-09 10:21:00+00:00,2025-01-09 10:00:00+00:00
34.08579,-118.58636,339.7,0.32,0.54,2025-01-09,10:21,N21,nominal,2.0NRT,303.23,14.19,N,J2,30.08000000000004,2025-01-09 10:21:00+00:00,2025-01-09 10:00:00+00:00
34.03476,-118.52753,300.18,0.32,0.55,2025-01-09,10:21,N21,nominal,2.0NRT,285.04,0.97,N,J2,11.890000000000043,2025-01-09 10:21:00+00:00,2025-01-09 10:00:00+00:00
34.03561,-118.53104,300.5,0.32,0.55,2025-01-09,10:21,N21,nominal,2.0NRT,285.05,0.91,N,J2,11.900000000000034,2025-01-09 10:21:00+00:00,2025-01-09 10:00:00+00:00
34.03962,-118.54737,304.96,0.32,0.55,2025-01-09,10:21,N21,nominal,2.0NRT,284.59,1.96,N,J2,11.439999999999998,2025-01-09 10:21:00+00:00,2025-01-09 10:00:00+00:00
34.04129,-118.55421,307.16,0.32,0.55,2025-01-09,10:21,N21,nominal,2.0NRT,283.85,2.61,N,J2,10.700000000000045,2025-01-09 10:21:00+00:00,2025-01-09 10:00:00+00:00
34.04297,-118.5611,300.88,0.32,0.55,2025-01-09,10:21,N21,nominal,2.0NRT,283.9,1.12,N,J2,10.75,2025-01-09 10:21:00+00:00,2025-01-09 10:00:00+00:00
34.07003,-118.67194,317.56,0.63,0.54,2025-01-09,10:21,N21,nominal,2.0NRT,288.55,11.31,N,J2,15.400000000000034,2025-01-09 10:21:00+00:00,2025-01-09 10:00:00+00:00
34.04049,-118.55093,348.34,0.32,0.55,2025-01-09,10:21,N21,nominal,2.0NRT,288.42,2.61,N,J2,15.270000000000039,2025-01-09 10:21:00+00:00,2025-01-09 10:00:00+00:00
34.07131,-118.67722,345.44,0.63,0.54,2025-01-09,10:21,N21,nominal,2.0NRT,292.03,11.31,N,J2,18.879999999999995,2025-01-09 10:21:00+00:00,2025-01-09 10:00:00+00:00
34.03888,-118.5229,303.68,0.32,0.55,2025-01-09,10:21,N21,nominal,2.0NRT,285.09,0.97,N,J2,11.939999999999998,2025-01-09 10:21:00+00:00,2025-01-09 10:00:00+00:00
34.0397,-118.52623,299.95,0.32,0.55,2025-01-09,10:21,N21,nominal,2.0NRT,284.1,0.97,N,J2,10.950000000000045,2025-01-09 10:21:00+00:00,2025-01-09 10:00:00+00:00
34.04051,-118.52956,307.37,0.32,0.55,2025-01-09,10:21,N21,nominal,2.0NRT,287.35,0.91,N,J2,14.200000000000045,2025-01-09 10:21:00+00:00,2025-01-09 10:00:00+00:00
34.04128,-118.53271,295.42,0.32,0.55,2025-01-09,10:21,N21,nominal,2.0NRT,284.06,0.91,N,J2,10.910000000000025,2025-01-09 10:21:00+00:00,2025-01-09 10:00:00+00:00
34.04212,-118.53614,312.25,0.32,0.55,2025-01-09,10:21,N21,nominal,2.0NRT,284.73,1.94,N,J2,11.580000000000041,2025-01-09 10:21:00+00:00,2025-01-09 10:00:00+00:00
34.04287,-118.53922,316.78,0.32,0.55,2025-01-09,10:21,N21,nominal,2.0NRT,287.63,1.94,N,J2,14.480000000000018,2025-01-09 10:21:00+00:00,2025-01-09 10:00:00+00:00
34.04375,-118.54282,306.57,0.32,0.55,2025-01-09,10:21,N21,nominal,2.0NRT,286.94,1.96,N,J2,13.79000000000002,2025-01-09 10:21:00+00:00,2025-01-09 10:00:00+00:00
34.04464,-118.54644,313.96,0.32,0.55,2025-01-09,10:21,N21,nominal,2.0NRT,288.7,1.96,N,J2,15.550000000000011,2025-01-09 10:21:00+00:00,2025-01-09 10:00:00+00:00
34.04546,-118.54979,314.58,0.32,0.55,2025-01-09,10:21,N21,nominal,2.0NRT,284.13,2.61,N,J2,10.980000000000018,2025-01-09 10:21:00+00:00,2025-01-09 10:00:00+00:00
34.07616,-118.67571,332.86,0.63,0.54,2025-01-09,10:21,N21,nominal,2.0NRT,286.68,11.31,N,J2,13.53000000000003,2025-01-09 10:21:00+00:00,2025-01-09 10:00:00+00:00
34.04292,-118.51791,301.38,0.32,0.55,2025-01-09,10:21,N21,nominal,2.0NRT,285.22,1.26,N,J2,12.07000000000005,2025-01-09 10:21:00+00:00,2025-01-09 10:00:00+00:00
34.06654,-118.67905,318.15,0.63,0.54,2025-01-09,10:21,N21,nominal,2.0NRT,284.39,3.56,N,J2,11.240000000000009,2025-01-09 10:21:00+00:00,2025-01-09 10:00:00+00:00
34.04377,-118.52139,302.9,0.32,0.55,2025-01-09,10:21,N21,nominal,2.0NRT,286.86,1.35,N,J2,13.710000000000036,2025-01-09 10:21:00+00:00,2025-01-09 10:00:00+00:00
34.06517,-118.6734,310.45,0.63,0.54,2025-01-09,10:21,N21,nominal,2.0NRT,286.45,3.56,N,J2,13.300000000000011,2025-01-09 10:21:00+00:00,2025-01-09 10:00:00+00:00
34.07821,-118.67048,322.46,0.63,0.54,2025-01-09,10:21,N21,nominal,2.0NRT,285.86,6.19,N,J2,12.710000000000036,2025-01-09 10:21:00+00:00,2025-01-09 10:00:00+00:00
34.19408,-118.13942,305.98,0.34,0.56,2025-01-09,10:21,N21,nominal,2.0NRT,286.48,1.13,N,J2,13.330000000000041,2025-01-09 10:21:00+00:00,2025-01-09 10:00:00+00:00
33.61354,-117.82165,303.43,0.36,0.57,2025-01-09,10:21,N21,nominal,2.0NRT,280.19,0.55,N,J2,7.0400000000000205,2025-01-09 10:21:00+00:00,2025-01-09 10:00:00+00:00
33.79376,-118.23583,295.24,0.34,0.56,2025-01-09,10:21,N21,nominal,2.0NRT,283.59,0.84,N,J2,10.439999999999998,2025-01-09 10:21:00+00:00,2025-01-09 10:00:00+00:00
33.81522,-118.23571,297.72,0.34,0.56,2025-01-09,10:21,N21,nominal,2.0NRT,282.77,1.04,N,J2,9.620000000000005,2025-01-09 10:21:00+00:00,2025-01-09 10:00:00+00:00
33.81693,-118.24276,296.74,0.34,0.56,2025-01-09,10:21,N21,nominal,2.0NRT,284.63,1.59,N,J2,11.480000000000018,2025-01-09 10:21:00+00:00,2025-01-09 10:00:00+00:00
33.85455,-118.33174,301.58,0.33,0.56,2025-01-09,10:21,N21,nominal,2.0NRT,285.54,1.8,N,J2,12.390000000000043,2025-01-09 10:21:00+00:00,2025-01-09 10:00:00+00:00
33.71458,-117.71133,299.78,0.36,0.58,2025-01-09,10:21,N21,nominal,2.0NRT,279.74,0.7,N,J2,6.590000000000032,2025-01-09 10:21:00+00:00,2025-01-09 10:00:00+00:00
34.03994,-118.64066,296.97,0.63,0.54,2025-01-09,10:21,N21,nominal,2.0NRT,283.89,2.76,N,J2,10.740000000000009,2025-01-09 10:21:00+00:00,2025-01-09 10:00:00+00:00
34.04343,-118.63345,324.32,0.64,0.54,2025-01-09,10:21,N21,nominal,2.0NRT,283.04,3.53,N,J2,9.890000000000043,2025-01-09 10:21:00+00:00,2025-01-09 10:00:00+00:00
34.03416,-118.52852,295.46,0.32,0.55,2025-01-09,10:21,N21,nominal,2.0NRT,283.76,0.96,N,J2,10.610000000000014,2025-01-09 10:21:00+00:00,2025-01-09 10:00:00+00:00
34.03887,-118.54832,304.12,0.32,0.55,2025-01-09,10:21,N21,nominal,2.0NRT,283.96,1.17,N,J2,10.810000000000002,2025-01-09 10:21:00+00:00,2025-01-09 10:00:00+00:00
34.03974,-118.55196,302.77,0.32,0.55,2025-01-09,10:21,N21,nominal,2.0NRT,284.61,0.87,N,J2,11.460000000000036,2025-01-09 10:21:00+00:00,2025-01-09 10:00:00+00:00
34.0405,-118.55518,300.67,0.32,0.55,2025-01-09,10:21,N21,nominal,2.0NRT,283.38,0.87,N,J2,10.230000000000018,2025-01-09 10:21:00+00:00,2025-01-09 10:00:00+00:00
34.04216,-118.56216,301.11,0.32,0.55,2025-01-09,10:21,N21,nominal,2.0NRT,283.86,1.0,N,J2,10.710000000000036,2025-01-09 10:21:00+00:00,2025-01-09 10:00:00+00:00
34.06973,-118.6785,313.67,0.63,0.54,2025-01-09,10:21,N21,nominal,2.0NRT,284.62,7.36,N,J2,11.470000000000027,2025-01-09 10:21:00+00:00,2025-01-09 10:00:00+00:00
34.06845,-118.67316,337.53,0.63,0.54,2025-01-09,10:21,N21,nominal,2.0NRT,293.43,11.95,N,J2,20.28000000000003,2025-01-09 10:21:00+00:00,2025-01-09 10:00:00+00:00
34.07333,-118.67181,313.92,0.63,0.54,2025-01-09,10:21,N21,nominal,2.0NRT,287.34,6.19,N,J2,14.189999999999998,2025-01-09 10:21:00+00:00,2025-01-09 10:00:00+00:00
34.07454,-118.67684,337.67,0.63,0.54,2025-01-09,10:21,N21,nominal,2.0NRT,290.51,15.64,N,J2,17.360000000000014,2025-01-09 10:21:00+00:00,2025-01-09 10:00:00+00:00
34.07693,-118.66508,337.12,0.63,0.54,2025-01-09,10:21,N21,nominal,2.0NRT,284.23,6.19,N,J2,11.080000000000041,2025-01-09 10:21:00+00:00,2025-01-09 10:00:00+00:00
34.03958,-118.63277,317.13,0.63,0.54,2025-01-09,10:21,N21,nominal,2.0NRT,282.14,4.08,N,J2,8.990000000000009,2025-01-09 10:21:00+00:00,2025-01-09 10:00:00+00:00
34.0446,-118.5248,301.38,0.32,0.55,2025-01-09,10:21,N21,nominal,2.0NRT,285.72,1.35,N,J2,12.57000000000005,2025-01-09 10:21:00+00:00,2025-01-09 10:00:00+00:00
34.04788,-118.53822,318.48,0.32,0.55,2025-01-09,10:21,N21,nominal,2.0NRT,288.56,2.75,N,J2,15.410000000000025,2025-01-09 10:21:00+00:00,2025-01-09 10:00:00+00:00
34.04873,-118.54168,308.44,0.32,0.55,2025-01-09,10:21,N21,nominal,2.0NRT,287.27,1.69,N,J2,14.120000000000005,2025-01-09 10:21:00+00:00,2025-01-09 10:00:00+00:00
34.07499,-118.56335,295.14,0.32,0.55,2025-01-09,10:21,N21,nominal,2.0NRT,284.35,1.18,N,J2,11.200000000000045,2025-01-09 10:21:00+00:00,2025-01-09 10:00:00+00:00
34.07666,-118.57028,306.69,0.32,0.55,2025-01-09,10:21,N21,nominal,2.0NRT,287.12,8.26,N,J2,13.970000000000027,2025-01-09 10:21:00+00:00,2025-01-09 10:00:00+00:00
34.07761,-118.57417,296.44,0.32,0.55,2025-01-09,10:21,N21,nominal,2.0NRT,285.82,8.26,N,J2,12.670000000000016,2025-01-09 10:21:00+00:00,2025-01-09 10:00:00+00:00
34.07854,-118.57801,304.8,0.32,0.54,2025-01-09,10:21,N21,nominal,2.0NRT,286.81,16.67,N,J2,13.660000000000025,2025-01-09 10:21:00+00:00,2025-01-09 10:00:00+00:00
34.08012,-118.58453,300.69,0.32,0.54,2025-01-09,10:21,N21,nominal,2.0NRT,285.49,14.19,N,J2,12.340000000000032,2025-01-09 10:21:00+00:00,2025-01-09 10:00:00+00:00
34.07423,-118.56024,324.19,0.32,0.55,2025-01-09,10:21,N21,nominal,2.0NRT,287.21,1.2,N,J2,14.060000000000002,2025-01-09 10:21:00+00:00,2025-01-09 10:00:00+00:00
34.08088,-118.58765,329.33,0.32,0.54,2025-01-09,10:21,N21,nominal,2.0NRT,286.0,14.19,N,J2,12.850000000000023,2025-01-09 10:21:00+00:00,2025-01-09 10:00:00+00:00
34.08165,-118.59083,352.56,0.32,0.54,2025-01-09,10:21,N21,nominal,2.0NRT,292.08,23.55,N,J2,18.930000000000007,2025-01-09 10:21:00+00:00,2025-01-09 10:00:00+00:00
34.08241,-118.59397,339.71,0.32,0.54,2025-01-09,10:21,N21,nominal,2.0NRT,314.58,23.55,N,J2,41.43000000000001,2025-01-09 10:21:00+00:00,2025-01-09 10:00:00+00:00
34.0832,-118.59726,342.93,0.32,0.54,2025-01-09,10:21,N21,nominal,2.0NRT,283.57,49.87,N,J2,10.420000000000016,2025-01-09 10:21:00+00:00,2025-01-09 10:00:00+00:00
34.07637,-118.54749,295.65,0.32,0.55,2025-01-09,10:21,N21,nominal,2.0NRT,284.66,0.8,N,J2,11.510000000000048,2025-01-09 10:21:00+00:00,2025-01-09 10:00:00+00:00
34.07711,-118.55051,296.26,0.32,0.55,2025-01-09,10:21,N21,nominal,2.0NRT,284.56,1.02,N,J2,11.410000000000025,2025-01-09 10:21:00+00:00,2025-01-09 10:00:00+00:00
34.07922,-118.55923,295.17,0.32,0.55,2025-01-09,10:21,N21,nominal,2.0NRT,284.57,1.2,N,J2,11.420000000000016,2025-01-09 10:21:00+00:00,2025-01-09 10:00:00+00:00
34.08068,-118.56522,309.59,0.32,0.55,2025-01-09,10:21,N21,nominal,2.0NRT,287.22,1.18,N,J2,14.07000000000005,2025-01-09 10:21:00+00:00,2025-01-09 10:00:00+00:00
34.08146,-118.56845,307.84,0.32,0.55,2025-01-09,10:21,N21,nominal,2.0NRT,287.3,8.26,N,J2,14.150000000000034,2025-01-09 10:21:00+00:00,2025-01-09 10:00:00+00:00
34.08231,-118.57195,348.18,0.32,0.55,2025-01-09,10:21,N21,nominal,2.0NRT,309.65,8.26,N,J2,36.5,2025-01-09 10:21:00+00:00,2025-01-09 10:00:00+00:00
34.08321,-118.57568,367.0,0.32,0.54,2025-01-09,10:21,N21,high,2.0NRT,300.65,16.67,N,J2,27.5,2025-01-09 10:21:00+00:00,2025-01-09 10:00:00+00:00
34.08409,-118.57932,350.83,0.32,0.54,2025-01-09,10:21,N21,nominal,2.0NRT,308.34,16.67,N,J2,35.19,2025-01-09 10:21:00+00:00,2025-01-09 10:00:00+00:00
34.08494,-118.58285,367.0,0.32,0.54,2025-01-09,10:21,N21,high,2.0NRT,294.71,14.19,N,J2,21.560000000000002,2025-01-09 10:21:00+00:00,2025-01-09 10:00:00+00:00
34.07352,-118.55734,311.28,0.32,0.55,2025-01-09,10:21,N21,nominal,2.0NRT,286.26,1.2,N,J2,13.110000000000014,2025-01-09 10:21:00+00:00,2025-01-09 10:00:00+00:00
34.07209,-118.55145,301.25,0.32,0.55,2025-01-09,10:21,N21,nominal,2.0NRT,284.12,1.02,N,J2,10.970000000000027,2025-01-09 10:21:00+00:00,2025-01-09 10:00:00+00:00
34.07758,-118.59562,320.4,0.32,0.54,2025-01-09,10:21,N21,nominal,2.0NRT,283.6,2.07,N,J2,10.450000000000045,2025-01-09 10:21:00+00:00,2025-01-09 10:00:00+00:00
34.07018,-118.56517,328.81,0.32,0.55,2025-01-09,10:21,N21,nominal,2.0NRT,288.14,3.36,N,J2,14.990000000000009,2025-01-09 10:21:00+00:00,2025-01-09 10:00:00+00:00
34.04961,-118.54531,302.74,0.32,0.55,2025-01-09,10:21,N21,nominal,2.0NRT,286.26,1.69,N,J2,13.110000000000014,2025-01-09 10:21:00+00:00,2025-01-09 10:00:00+00:00
34.04539,-118.52803,323.57,0.32,0.55,2025-01-09,10:21,N21,nominal,2.0NRT,289.42,2.03,N,J2,16.27000000000004,2025-01-09 10:21:00+00:00,2025-01-09 10:00:00+00:00
34.07848,-118.66393,327.69,0.63,0.54,2025-01-09,10:21,N21,nominal,2.0NRT,283.04,7.08,N,J2,9.890000000000043,2025-01-09 10:21:00+00:00,2025-01-09 10:00:00+00:00
34.07979,-118.66927,322.21,0.63,0.54,2025-01-09,10:21,N21,nominal,2.0NRT,285.04,4.94,N,J2,11.890000000000043,2025-01-09 10:21:00+00:00,2025-01-09 10:00:00+00:00
34.04782,-118.51646,308.32,0.32,0.55,2025-01-09,10:21,N21,nominal,2.0NRT,285.69,1.26,N,J2,12.54000000000002,2025-01-09 10:21:00+00:00,2025-01-09 10:00:00+00:00
34.04869,-118.51998,311.6,0.32,0.55,2025-01-09,10:21,N21,nominal,2.0NRT,288.53,1.35,N,J2,15.379999999999995,2025-01-09 10:21:00+00:00,2025-01-09 10:00:00+00:00
34.0495,-118.52335,304.16,0.32,0.55,2025-01-09,10:21,N21,nominal,2.0NRT,287.17,1.35,N,J2,14.020000000000039,2025-01-09 10:21:00+00:00,2025-01-09 10:00:00+00:00
34.05032,-118.52666,308.87,0.32,0.55,2025-01-09,10:21,N21,nominal,2.0NRT,286.9,2.03,N,J2,13.75,2025-01-09 10:21:00+00:00,2025-01-09 10:00:00+00:00
34.05539,-118.54749,310.23,0.32,0.55,2025-01-09,10:21,N21,nominal,2.0NRT,284.55,1.63,N,J2,11.400000000000034,2025-01-09 10:21:00+00:00,2025-01-09 10:00:00+00:00
34.0866,-118.58971,367.0,0.32,0.54,2025-01-09,10:21,N21,high,2.0NRT,287.12,23.55,N,J2,13.970000000000027,2025-01-09 10:21:00+00:00,2025-01-09 10:00:00+00:00
34.06935,-118.60486,295.81,0.32,0.54,2025-01-09,10:21,N21,nominal,2.0NRT,284.23,6.09,N,J2,11.080000000000041,2025-01-09 10:21:00+00:00,2025-01-09 10:00:00+00:00
34.06844,-118.6011,367.0,0.32,0.54,2025-01-09,10:21,N21,high,2.0NRT,288.95,6.2,N,J2,15.800000000000011,2025-01-09 10:21:00+00:00,2025-01-09 10:00:00+00:00
34.07162,-118.61418,321.09,0.64,0.54,2025-01-09,10:21,N21,nominal,2.0NRT,286.05,3.72,N,J2,12.900000000000034,2025-01-09 10:21:00+00:00,2025-01-09 10:00:00+00:00
34.05445,-118.52207,296.64,0.32,0.55,2025-01-09,10:21,N21,nominal,2.0NRT,284.9,0.57,N,J2,11.75,2025-01-09 10:21:00+00:00,2025-01-09 10:00:00+00:00
34.06043,-118.54664,315.02,0.32,0.55,2025-01-09,10:21,N21,nominal,2.0NRT,282.31,1.29,N,J2,9.160000000000025,2025-01-09 10:21:00+00:00,2025-01-09 10:00:00+00:00
34.06125,-118.55,307.45,0.32,0.55,2025-01-09,10:21,N21,nominal,2.0NRT,283.43,1.29,N,J2,10.28000000000003,2025-01-09 10:21:00+00:00,2025-01-09 10:00:00+00:00
34.08319,-118.64033,316.17,0.63,0.54,2025-01-09,10:21,N21,nominal,2.0NRT,284.52,4.26,N,J2,11.370000000000005,2025-01-09 10:21:00+00:00,2025-01-09 10:00:00+00:00
34.06707,-118.55235,301.43,0.32,0.55,2025-01-09,10:21,N21,nominal,2.0NRT,283.59,0.69,N,J2,10.439999999999998,2025-01-09 10:21:00+00:00,2025-01-09 10:00:00+00:00
34.06784,-118.5555,298.12,0.32,0.55,2025-01-09,10:21,N21,nominal,2.0NRT,283.14,0.69,N,J2,9.990000000000009,2025-01-09 10:21:00+00:00,2025-01-09 10:00:00+00:00
34.06931,-118.56159,306.55,0.32,0.55,2025-01-09,10:21,N21,nominal,2.0NRT,284.39,1.94,N,J2,11.240000000000009,2025-01-09 10:21:00+00:00,2025-01-09 10:00:00+00:00
34.07027,-118.60863,318.04,0.32,0.54,2025-01-09,10:21,N21,nominal,2.0NRT,287.22,6.09,N,J2,14.07000000000005,2025-01-09 10:21:00+00:00,2025-01-09 10:00:00+00:00
34.07937,-118.58145,299.59,0.32,0.54,2025-01-09,10:21,N21,nominal,2.0NRT,285.45,16.67,N,J2,12.300000000000011,2025-01-09 10:21:00+00:00,2025-01-09 10:00:00+00:00
34.19323,-118.13598,307.89,0.34,0.56,2025-01-09,10:21,N21,nominal,2.0NRT,286.72,1.64,N,J2,13.57000000000005,2025-01-09 10:21:00+00:00,2025-01-09 10:00:00+00:00
34.04469,-118.54293,301.91,0.7,0.75,2025-01-09,10:49,N,nominal,2.0NRT,284.54,1.3,N,SUOMI,11.390000000000043,2025-01-09 10:49:00+00:00,2025-01-09 11:00:00+00:00
34.21763,-118.15547,304.49,0.72,0.76,2025-01-09,10:49,N,nominal,2.0NRT,281.54,2.62,N,SUOMI,8.390000000000043,2025-01-09 10:49:00+00:00,2025-01-09 11:00:00+00:00
34.21543,-118.14827,299.57,0.72,0.76,2025-01-09,10:49,N,nominal,2.0NRT,280.62,1.43,N,SUOMI,7.470000000000027,2025-01-09 10:49:00+00:00,2025-01-09 11:00:00+00:00
34.20071,-118.14968,296.82,0.72,0.76,2025-01-09,10:49,N,nominal,2.0NRT,283.64,2.18,N,SUOMI,10.490000000000009,2025-01-09 10:49:00+00:00,2025-01-09 11:00:00+00:00
34.19848,-118.14244,296.71,0.72,0.76,2025-01-09,10:49,N,nominal,2.0NRT,284.24,2.18,N,SUOMI,11.090000000000032,2025-01-09 10:49:00+00:00,2025-01-09 11:00:00+00:00
34.1962,-118.13501,299.04,0.72,0.76,2025-01-09,10:49,N,nominal,2.0NRT,284.47,2.16,N,SUOMI,11.32000000000005,2025-01-09 10:49:00+00:00,2025-01-09 11:00:00+00:00
34.19381,-118.1272,299.83,0.72,0.76,2025-01-09,10:49,N,nominal,2.0NRT,283.35,2.16,N,SUOMI,10.200000000000045,2025-01-09 10:49:00+00:00,2025-01-09 11:00:00+00:00
34.1937,-118.15157,299.43,0.72,0.76,2025-01-09,10:49,N,nominal,2.0NRT,283.88,1.63,N,SUOMI,10.730000000000018,2025-01-09 10:49:00+00:00,2025-01-09 11:00:00+00:00
34.19141,-118.14412,295.79,0.72,0.76,2025-01-09,10:49,N,nominal,2.0NRT,283.88,1.63,N,SUOMI,10.730000000000018,2025-01-09 10:49:00+00:00,2025-01-09 11:00:00+00:00
34.18906,-118.13648,298.58,0.72,0.76,2025-01-09,10:49,N,nominal,2.0NRT,282.97,2.18,N,SUOMI,9.82000000000005,2025-01-09 10:49:00+00:00,2025-01-09 11:00:00+00:00
34.18666,-118.12865,298.08,0.72,0.76,2025-01-09,10:49,N,nominal,2.0NRT,282.97,2.18,N,SUOMI,9.82000000000005,2025-01-09 10:49:00+00:00,2025-01-09 11:00:00+00:00
34.18676,-118.15368,297.78,0.72,0.76,2025-01-09,10:49,N,nominal,2.0NRT,279.68,1.63,N,SUOMI,6.53000000000003,2025-01-09 10:49:00+00:00,2025-01-09 11:00:00+00:00
34.09106,-118.06608,303.12,0.73,0.76,2025-01-09,10:49,N,nominal,2.0NRT,275.2,1.29,N,SUOMI,2.0500000000000114,2025-01-09 10:49:00+00:00,2025-01-09 11:00:00+00:00
34.08671,-118.06985,298.64,0.73,0.76,2025-01-09,10:49,N,nominal,2.0NRT,275.48,1.29,N,SUOMI,2.330000000000041,2025-01-09 10:49:00+00:00,2025-01-09 11:00:00+00:00
34.09963,-118.52934,367.0,0.69,0.75,2025-01-09,10:49,N,high,2.0NRT,298.38,31.09,N,SUOMI,25.230000000000018,2025-01-09 10:49:00+00:00,2025-01-09 11:00:00+00:00
34.09737,-118.52199,355.59,0.7,0.75,2025-01-09,10:49,N,nominal,2.0NRT,290.58,31.09,N,SUOMI,17.430000000000007,2025-01-09 10:49:00+00:00,2025-01-09 11:00:00+00:00
34.10303,-118.54037,301.99,0.69,0.75,2025-01-09,10:49,N,nominal,2.0NRT,283.43,18.3,N,SUOMI,10.28000000000003,2025-01-09 10:49:00+00:00,2025-01-09 11:00:00+00:00
34.09898,-118.55141,331.37,0.69,0.74,2025-01-09,10:49,N,nominal,2.0NRT,285.62,20.15,N,SUOMI,12.470000000000027,2025-01-09 10:49:00+00:00,2025-01-09 11:00:00+00:00
34.09622,-118.5425,367.0,0.69,0.75,2025-01-09,10:49,N,high,2.0NRT,302.0,20.15,N,SUOMI,28.850000000000023,2025-01-09 10:49:00+00:00,2025-01-09 11:00:00+00:00
34.09288,-118.53169,367.0,0.69,0.75,2025-01-09,10:49,N,high,2.0NRT,298.73,30.21,N,SUOMI,25.58000000000004,2025-01-09 10:49:00+00:00,2025-01-09 11:00:00+00:00
34.09037,-118.52356,333.86,0.7,0.75,2025-01-09,10:49,N,nominal,2.0NRT,285.99,30.21,N,SUOMI,12.840000000000032,2025-01-09 10:49:00+00:00,2025-01-09 11:00:00+00:00
34.09204,-118.55312,331.99,0.69,0.74,2025-01-09,10:49,N,nominal,2.0NRT,285.33,20.15,N,SUOMI,12.180000000000007,2025-01-09 10:49:00+00:00,2025-01-09 11:00:00+00:00
34.18328,-118.01849,301.0,0.73,0.76,2025-01-09,10:49,N,nominal,2.0NRT,281.44,1.77,N,SUOMI,8.29000000000002,2025-01-09 10:49:00+00:00,2025-01-09 11:00:00+00:00
34.09395,-118.5593,312.09,0.69,0.74,2025-01-09,10:49,N,nominal,2.0NRT,284.61,9.74,N,SUOMI,11.460000000000036,2025-01-09 10:49:00+00:00,2025-01-09 11:00:00+00:00
34.20218,-118.05542,295.79,0.73,0.76,2025-01-09,10:49,N,nominal,2.0NRT,281.02,5.83,N,SUOMI,7.8700000000000045,2025-01-09 10:49:00+00:00,2025-01-09 11:00:00+00:00
34.21049,-118.08255,310.73,0.73,0.76,2025-01-09,10:49,N,nominal,2.0NRT,281.57,4.29,N,SUOMI,8.420000000000016,2025-01-09 10:49:00+00:00,2025-01-09 11:00:00+00:00
34.20877,-118.06138,330.28,0.73,0.76,2025-01-09,10:49,N,nominal,2.0NRT,283.41,6.25,N,SUOMI,10.260000000000048,2025-01-09 10:49:00+00:00,2025-01-09 11:00:00+00:00
34.21598,-118.08447,299.3,0.73,0.76,2025-01-09,10:49,N,nominal,2.0NRT,281.54,2.36,N,SUOMI,8.390000000000043,2025-01-09 10:49:00+00:00,2025-01-09 11:00:00+00:00
34.20864,-118.08533,328.14,0.73,0.76,2025-01-09,10:49,N,nominal,2.0NRT,282.34,3.75,N,SUOMI,9.189999999999998,2025-01-09 10:49:00+00:00,2025-01-09 11:00:00+00:00
34.21268,-118.0983,297.72,0.73,0.76,2025-01-09,10:49,N,nominal,2.0NRT,279.48,3.92,N,SUOMI,6.330000000000041,2025-01-09 10:49:00+00:00,2025-01-09 11:00:00+00:00
34.20673,-118.07925,304.23,0.73,0.76,2025-01-09,10:49,N,nominal,2.0NRT,282.64,3.75,N,SUOMI,9.490000000000009,2025-01-09 10:49:00+00:00,2025-01-09 11:00:00+00:00
34.20333,-118.06836,318.79,0.73,0.76,2025-01-09,10:49,N,nominal,2.0NRT,283.03,6.49,N,SUOMI,9.879999999999995,2025-01-09 10:49:00+00:00,2025-01-09 11:00:00+00:00
34.20065,-118.05977,302.72,0.73,0.76,2025-01-09,10:49,N,nominal,2.0NRT,281.67,2.98,N,SUOMI,8.520000000000039,2025-01-09 10:49:00+00:00,2025-01-09 11:00:00+00:00
34.22145,-118.15079,297.4,0.72,0.76,2025-01-09,10:49,N,nominal,2.0NRT,281.14,1.26,N,SUOMI,7.990000000000009,2025-01-09 10:49:00+00:00,2025-01-09 11:00:00+00:00
34.1809,-118.021,299.73,0.73,0.76,2025-01-09,10:49,N,nominal,2.0NRT,281.09,1.71,N,SUOMI,7.939999999999998,2025-01-09 10:49:00+00:00,2025-01-09 11:00:00+00:00
34.21605,-118.15782,297.55,0.72,0.76,2025-01-09,10:49,N,nominal,2.0NRT,280.77,2.67,N,SUOMI,7.6200000000000045,2025-01-09 10:49:00+00:00,2025-01-09 11:00:00+00:00
34.19948,-118.1291,296.68,0.72,0.76,2025-01-09,10:49,N,nominal,2.0NRT,282.66,1.01,N,SUOMI,9.510000000000048,2025-01-09 10:49:00+00:00,2025-01-09 11:00:00+00:00
34.19918,-118.15247,297.99,0.72,0.76,2025-01-09,10:49,N,nominal,2.0NRT,283.78,2.06,N,SUOMI,10.629999999999995,2025-01-09 10:49:00+00:00,2025-01-09 11:00:00+00:00
34.1969,-118.14517,296.63,0.72,0.76,2025-01-09,10:49,N,nominal,2.0NRT,284.33,3.0,N,SUOMI,11.180000000000007,2025-01-09 10:49:00+00:00,2025-01-09 11:00:00+00:00
34.19458,-118.13776,299.82,0.72,0.76,2025-01-09,10:49,N,nominal,2.0NRT,284.71,3.0,N,SUOMI,11.560000000000002,2025-01-09 10:49:00+00:00,2025-01-09 11:00:00+00:00
34.19218,-118.13009,302.42,0.72,0.76,2025-01-09,10:49,N,nominal,2.0NRT,284.01,2.06,N,SUOMI,10.860000000000014,2025-01-09 10:49:00+00:00,2025-01-09 11:00:00+00:00
34.1922,-118.15443,300.75,0.72,0.76,2025-01-09,10:49,N,nominal,2.0NRT,282.62,2.06,N,SUOMI,9.470000000000027,2025-01-09 10:49:00+00:00,2025-01-09 11:00:00+00:00
34.18505,-118.13166,297.47,0.72,0.76,2025-01-09,10:49,N,nominal,2.0NRT,282.66,2.06,N,SUOMI,9.510000000000048,2025-01-09 10:49:00+00:00,2025-01-09 11:00:00+00:00
34.21312,-118.06635,354.19,0.73,0.76,2025-01-09,10:49,N,nominal,2.0NRT,288.23,5.83,N,SUOMI,15.080000000000041,2025-01-09 10:49:00+00:00,2025-01-09 11:00:00+00:00
34.21004,-118.05627,314.98,0.73,0.76,2025-01-09,10:49,N,nominal,2.0NRT,283.07,5.83,N,SUOMI,9.920000000000016,2025-01-09 10:49:00+00:00,2025-01-09 11:00:00+00:00
34.21388,-118.09366,324.44,0.73,0.76,2025-01-09,10:49,N,nominal,2.0NRT,282.12,4.29,N,SUOMI,8.970000000000027,2025-01-09 10:49:00+00:00,2025-01-09 11:00:00+00:00
34.20557,-118.06651,330.0,0.73,0.76,2025-01-09,10:49,N,nominal,2.0NRT,283.95,5.83,N,SUOMI,10.800000000000011,2025-01-09 10:49:00+00:00,2025-01-09 11:00:00+00:00
34.20875,-118.07687,301.15,0.73,0.76,2025-01-09,10:49,N,nominal,2.0NRT,283.36,11.62,N,SUOMI,10.210000000000036,2025-01-09 10:49:00+00:00,2025-01-09 11:00:00+00:00
34.08972,-118.54562,311.85,0.69,0.75,2025-01-09,10:49,N,nominal,2.0NRT,284.21,20.15,N,SUOMI,11.060000000000002,2025-01-09 10:49:00+00:00,2025-01-09 11:00:00+00:00
34.09959,-118.52705,367.0,0.7,0.75,2025-01-09,10:49,N,high,2.0NRT,292.95,35.54,N,SUOMI,19.80000000000001,2025-01-09 10:49:00+00:00,2025-01-09 11:00:00+00:00
34.09749,-118.52012,350.34,0.7,0.75,2025-01-09,10:49,N,nominal,2.0NRT,287.5,19.46,N,SUOMI,14.350000000000023,2025-01-09 10:49:00+00:00,2025-01-09 11:00:00+00:00
34.04698,-118.52598,299.24,0.7,0.75,2025-01-09,10:49,N,nominal,2.0NRT,284.82,3.06,N,SUOMI,11.670000000000016,2025-01-09 10:49:00+00:00,2025-01-09 11:00:00+00:00
34.04712,-118.5509,303.3,0.69,0.75,2025-01-09,10:49,N,nominal,2.0NRT,283.12,1.3,N,SUOMI,9.970000000000027,2025-01-09 10:49:00+00:00,2025-01-09 11:00:00+00:00
34.0424,-118.53545,298.84,0.7,0.75,2025-01-09,10:49,N,nominal,2.0NRT,283.12,1.29,N,SUOMI,9.970000000000027,2025-01-09 10:49:00+00:00,2025-01-09 11:00:00+00:00
34.0402,-118.52824,296.57,0.7,0.75,2025-01-09,10:49,N,nominal,2.0NRT,284.04,1.29,N,SUOMI,10.890000000000043,2025-01-09 10:49:00+00:00,2025-01-09 11:00:00+00:00
34.07721,-118.67387,323.15,0.68,0.74,2025-01-09,10:49,N,nominal,2.0NRT,285.89,3.75,N,SUOMI,12.740000000000009,2025-01-09 10:49:00+00:00,2025-01-09 11:00:00+00:00
34.07856,-118.67829,308.01,0.68,0.74,2025-01-09,10:49,N,nominal,2.0NRT,283.62,3.75,N,SUOMI,10.470000000000027,2025-01-09 10:49:00+00:00,2025-01-09 11:00:00+00:00
34.07575,-118.6691,304.39,0.68,0.74,2025-01-09,10:49,N,nominal,2.0NRT,283.0,2.23,N,SUOMI,9.850000000000023,2025-01-09 10:49:00+00:00,2025-01-09 11:00:00+00:00
34.07394,-118.66315,307.25,0.69,0.74,2025-01-09,10:49,N,nominal,2.0NRT,282.59,2.23,N,SUOMI,9.439999999999998,2025-01-09 10:49:00+00:00,2025-01-09 11:00:00+00:00
34.04007,-118.55225,299.2,0.69,0.75,2025-01-09,10:49,N,nominal,2.0NRT,280.8,1.3,N,SUOMI,7.650000000000034,2025-01-09 10:49:00+00:00,2025-01-09 11:00:00+00:00
34.07043,-118.67599,367.0,0.68,0.74,2025-01-09,10:49,N,high,2.0NRT,293.17,6.83,N,SUOMI,20.02000000000004,2025-01-09 10:49:00+00:00,2025-01-09 11:00:00+00:00
34.07197,-118.68102,302.25,0.68,0.74,2025-01-09,10:49,N,nominal,2.0NRT,283.25,6.83,N,SUOMI,10.100000000000023,2025-01-09 10:49:00+00:00,2025-01-09 11:00:00+00:00
34.06391,-118.67893,300.54,0.68,0.74,2025-01-09,10:49,N,nominal,2.0NRT,281.07,6.83,N,SUOMI,7.920000000000016,2025-01-09 10:49:00+00:00,2025-01-09 11:00:00+00:00
34.07724,-118.67754,328.58,0.68,0.74,2025-01-09,10:49,N,nominal,2.0NRT,285.39,8.58,N,SUOMI,12.240000000000009,2025-01-09 10:49:00+00:00,2025-01-09 11:00:00+00:00
34.07588,-118.67302,322.44,0.68,0.74,2025-01-09,10:49,N,nominal,2.0NRT,286.91,6.82,N,SUOMI,13.760000000000048,2025-01-09 10:49:00+00:00,2025-01-09 11:00:00+00:00
34.07436,-118.66798,296.69,0.69,0.74,2025-01-09,10:49,N,nominal,2.0NRT,282.01,6.82,N,SUOMI,8.860000000000014,2025-01-09 10:49:00+00:00,2025-01-09 11:00:00+00:00
34.03917,-118.55029,296.11,0.7,0.75,2025-01-09,10:49,N,nominal,2.0NRT,280.39,1.85,N,SUOMI,7.240000000000009,2025-01-09 10:49:00+00:00,2025-01-09 11:00:00+00:00
34.06912,-118.67519,367.0,0.68,0.74,2025-01-09,10:49,N,high,2.0NRT,291.37,6.82,N,SUOMI,18.220000000000027,2025-01-09 10:49:00+00:00,2025-01-09 11:00:00+00:00
34.07062,-118.68018,302.67,0.68,0.74,2025-01-09,10:49,N,nominal,2.0NRT,282.93,8.58,N,SUOMI,9.78000000000003,2025-01-09 10:49:00+00:00,2025-01-09 11:00:00+00:00
34.0422,-118.6348,299.45,0.69,0.74,2025-01-09,10:49,N,nominal,2.0NRT,280.84,1.02,N,SUOMI,7.689999999999998,2025-01-09 10:49:00+00:00,2025-01-09 11:00:00+00:00
33.85314,-118.33453,296.12,0.72,0.76,2025-01-09,10:49,N,nominal,2.0NRT,283.01,1.49,N,SUOMI,9.860000000000014,2025-01-09 10:49:00+00:00,2025-01-09 11:00:00+00:00
33.8545,-118.33089,295.67,0.72,0.76,2025-01-09,10:49,N,nominal,2.0NRT,282.46,1.24,N,SUOMI,9.310000000000002,2025-01-09 10:49:00+00:00,2025-01-09 11:00:00+00:00
34.06977,-118.60066,312.27,0.69,0.74,2025-01-09,10:49,N,nominal,2.0NRT,283.63,2.84,N,SUOMI,10.480000000000018,2025-01-09 10:49:00+00:00,2025-01-09 11:00:00+00:00
34.07261,-118.61002,315.61,0.69,0.74,2025-01-09,10:49,N,nominal,2.0NRT,284.77,5.59,N,SUOMI,11.620000000000005,2025-01-09 10:49:00+00:00,2025-01-09 11:00:00+00:00
34.08254,-118.64264,299.92,0.69,0.74,2025-01-09,10:49,N,nominal,2.0NRT,282.19,1.57,N,SUOMI,9.04000000000002,2025-01-09 10:49:00+00:00,2025-01-09 11:00:00+00:00
34.06142,-118.54879,306.78,0.69,0.75,2025-01-09,10:49,N,nominal,2.0NRT,282.43,2.38,N,SUOMI,9.28000000000003,2025-01-09 10:49:00+00:00,2025-01-09 11:00:00+00:00
34.10275,-118.5375,296.74,0.69,0.75,2025-01-09,10:49,N,nominal,2.0NRT,283.36,35.54,N,SUOMI,10.210000000000036,2025-01-09 10:49:00+00:00,2025-01-09 11:00:00+00:00
34.09887,-118.54932,342.28,0.69,0.75,2025-01-09,10:49,N,nominal,2.0NRT,286.58,33.88,N,SUOMI,13.430000000000007,2025-01-09 10:49:00+00:00,2025-01-09 11:00:00+00:00
34.09584,-118.53931,355.39,0.69,0.75,2025-01-09,10:49,N,nominal,2.0NRT,301.83,35.54,N,SUOMI,28.680000000000007,2025-01-09 10:49:00+00:00,2025-01-09 11:00:00+00:00
34.09276,-118.52914,351.07,0.7,0.75,2025-01-09,10:49,N,nominal,2.0NRT,301.2,35.54,N,SUOMI,28.05000000000001,2025-01-09 10:49:00+00:00,2025-01-09 11:00:00+00:00
34.09047,-118.52158,325.27,0.7,0.75,2025-01-09,10:49,N,nominal,2.0NRT,285.88,19.46,N,SUOMI,12.730000000000018,2025-01-09 10:49:00+00:00,2025-01-09 11:00:00+00:00
34.09399,-118.55781,322.83,0.69,0.74,2025-01-09,10:49,N,nominal,2.0NRT,285.39,7.52,N,SUOMI,12.240000000000009,2025-01-09 10:49:00+00:00,2025-01-09 11:00:00+00:00
34.09201,-118.55129,343.09,0.69,0.75,2025-01-09,10:49,N,nominal,2.0NRT,286.13,7.52,N,SUOMI,12.980000000000018,2025-01-09 10:49:00+00:00,2025-01-09 11:00:00+00:00
34.08955,-118.54318,308.77,0.69,0.75,2025-01-09,10:49,N,nominal,2.0NRT,284.66,5.22,N,SUOMI,11.510000000000048,2025-01-09 10:49:00+00:00,2025-01-09 11:00:00+00:00
34.09068,-118.57147,331.7,0.69,0.74,2025-01-09,10:49,N,nominal,2.0NRT,286.39,3.96,N,SUOMI,13.240000000000009,2025-01-09 10:49:00+00:00,2025-01-09 11:00:00+00:00
34.08852,-118.56434,298.65,0.69,0.74,2025-01-09,10:49,N,nominal,2.0NRT,285.16,3.96,N,SUOMI,12.010000000000048,2025-01-09 10:49:00+00:00,2025-01-09 11:00:00+00:00
34.21667,-118.06225,306.15,0.73,0.76,2025-01-09,10:49,N,nominal,2.0NRT,281.52,6.25,N,SUOMI,8.370000000000005,2025-01-09 10:49:00+00:00,2025-01-09 11:00:00+00:00
34.08885,-118.58997,348.92,0.69,0.74,2025-01-09,10:49,N,nominal,2.0NRT,287.26,17.57,N,SUOMI,14.110000000000014,2025-01-09 10:49:00+00:00,2025-01-09 11:00:00+00:00
34.08381,-118.57334,367.0,0.69,0.74,2025-01-09,10:49,N,high,2.0NRT,297.94,8.28,N,SUOMI,24.79000000000002,2025-01-09 10:49:00+00:00,2025-01-09 11:00:00+00:00
34.08149,-118.56572,302.81,0.69,0.74,2025-01-09,10:49,N,nominal,2.0NRT,285.45,8.28,N,SUOMI,12.300000000000011,2025-01-09 10:49:00+00:00,2025-01-09 11:00:00+00:00
34.0796,-118.5595,295.09,0.69,0.74,2025-01-09,10:49,N,nominal,2.0NRT,283.91,1.52,N,SUOMI,10.760000000000048,2025-01-09 10:49:00+00:00,2025-01-09 11:00:00+00:00
34.08411,-118.59887,367.0,0.69,0.74,2025-01-09,10:49,N,high,2.0NRT,286.03,30.57,N,SUOMI,12.879999999999995,2025-01-09 10:49:00+00:00,2025-01-09 11:00:00+00:00
34.08192,-118.59164,367.0,0.69,0.74,2025-01-09,10:49,N,high,2.0NRT,288.37,17.57,N,SUOMI,15.220000000000027,2025-01-09 10:49:00+00:00,2025-01-09 11:00:00+00:00
34.07987,-118.58494,320.47,0.69,0.74,2025-01-09,10:49,N,nominal,2.0NRT,283.73,17.57,N,SUOMI,10.580000000000041,2025-01-09 10:49:00+00:00,2025-01-09 11:00:00+00:00
34.07777,-118.57801,296.68,0.69,0.74,2025-01-09,10:49,N,nominal,2.0NRT,283.03,8.28,N,SUOMI,9.879999999999995,2025-01-09 10:49:00+00:00,2025-01-09 11:00:00+00:00
34.07487,-118.56847,299.31,0.69,0.74,2025-01-09,10:49,N,nominal,2.0NRT,284.26,8.28,N,SUOMI,11.110000000000014,2025-01-09 10:49:00+00:00,2025-01-09 11:00:00+00:00
34.07254,-118.56083,301.8,0.69,0.74,2025-01-09,10:49,N,nominal,2.0NRT,283.82,1.52,N,SUOMI,10.670000000000016,2025-01-09 10:49:00+00:00,2025-01-09 11:00:00+00:00
34.07072,-118.55485,296.26,0.69,0.75,2025-01-09,10:49,N,nominal,2.0NRT,282.88,1.52,N,SUOMI,9.730000000000018,2025-01-09 10:49:00+00:00,2025-01-09 11:00:00+00:00
34.08643,-118.582,367.0,0.69,0.74,2025-01-09,10:49,N,high,2.0NRT,292.32,17.57,N,SUOMI,19.170000000000016,2025-01-09 10:49:00+00:00,2025-01-09 11:00:00+00:00
34.21846,-118.06799,299.76,0.73,0.76,2025-01-09,10:49,N,nominal,2.0NRT,282.07,7.89,N,SUOMI,8.920000000000016,2025-01-09 10:49:00+00:00,2025-01-09 11:00:00+00:00
34.21084,-118.06799,334.96,0.73,0.76,2025-01-09,10:49,N,nominal,2.0NRT,284.5,7.89,N,SUOMI,11.350000000000023,2025-01-09 10:49:00+00:00,2025-01-09 11:00:00+00:00
34.60591,-117.33576,297.4,0.78,0.78,2025-01-09,10:49,N,nominal,2.0NRT,270.73,2.03,N,SUOMI,-2.419999999999959,2025-01-09 10:49:00+00:00,2025-01-09 11:00:00+00:00
34.09569,-118.53792,335.36,0.52,0.66,2025-01-09,20:01,N21,nominal,2.0NRT,300.53,13.48,D,J2,27.379999999999995,2025-01-09 20:01:00+00:00,2025-01-09 20:00:00+00:00
34.22817,-118.12276,354.01,0.49,0.65,2025-01-09,20:01,N21,nominal,2.0NRT,289.47,178.12,D,J2,16.32000000000005,2025-01-09 20:01:00+00:00,2025-01-09 20:00:00+00:00
34.22609,-118.13045,331.65,0.49,0.65,2025-01-09,20:01,N21,nominal,2.0NRT,286.15,10.38,D,J2,13.0,2025-01-09 20:01:00+00:00,2025-01-09 20:00:00+00:00
34.07033,-118.68095,367.0,0.53,0.67,2025-01-09,20:01,N21,high,2.0NRT,296.97,15.75,D,J2,23.82000000000005,2025-01-09 20:01:00+00:00,2025-01-09 20:00:00+00:00
34.22958,-118.11229,350.52,0.49,0.65,2025-01-09,20:01,N21,nominal,2.0NRT,321.29,242.6,D,J2,48.14000000000004,2025-01-09 20:01:00+00:00,2025-01-09 20:00:00+00:00
34.10587,-118.55505,325.43,0.52,0.67,2025-01-09,20:01,N21,nominal,2.0NRT,290.59,6.2,D,J2,17.439999999999998,2025-01-09 20:01:00+00:00,2025-01-09 20:00:00+00:00
34.07264,-118.67283,338.21,0.52,0.67,2025-01-09,20:01,N21,nominal,2.0NRT,298.15,13.51,D,J2,25.0,2025-01-09 20:01:00+00:00,2025-01-09 20:00:00+00:00
34.094,-118.56744,367.0,0.52,0.67,2025-01-09,20:01,N21,high,2.0NRT,293.07,198.99,D,J2,19.920000000000016,2025-01-09 20:01:00+00:00,2025-01-09 20:00:00+00:00
34.09692,-118.53345,352.9,0.52,0.66,2025-01-09,20:01,N21,nominal,2.0NRT,310.36,62.54,D,J2,37.210000000000036,2025-01-09 20:01:00+00:00,2025-01-09 20:00:00+00:00
34.0424,-118.54356,327.79,0.52,0.67,2025-01-09,20:01,N21,nominal,2.0NRT,295.42,2.06,D,J2,22.27000000000004,2025-01-09 20:01:00+00:00,2025-01-09 20:00:00+00:00
34.20491,-118.06948,336.27,0.48,0.65,2025-01-09,20:01,N21,nominal,2.0NRT,290.43,9.03,D,J2,17.28000000000003,2025-01-09 20:01:00+00:00,2025-01-09 20:00:00+00:00
34.23248,-118.10681,345.56,0.49,0.65,2025-01-09,20:01,N21,nominal,2.0NRT,286.86,75.46,D,J2,13.710000000000036,2025-01-09 20:01:00+00:00,2025-01-09 20:00:00+00:00
34.20275,-118.07743,336.96,0.48,0.65,2025-01-09,20:01,N21,nominal,2.0NRT,290.16,7.85,D,J2,17.010000000000048,2025-01-09 20:01:00+00:00,2025-01-09 20:00:00+00:00
34.2106,-118.07166,354.44,0.48,0.65,2025-01-09,20:01,N21,nominal,2.0NRT,293.8,9.03,D,J2,20.650000000000034,2025-01-09 20:01:00+00:00,2025-01-09 20:00:00+00:00
34.20819,-118.08051,347.4,0.48,0.65,2025-01-09,20:01,N21,nominal,2.0NRT,290.75,7.85,D,J2,17.600000000000023,2025-01-09 20:01:00+00:00,2025-01-09 20:00:00+00:00
34.20635,-118.08727,330.1,0.48,0.65,2025-01-09,20:01,N21,nominal,2.0NRT,286.06,7.85,D,J2,12.910000000000025,2025-01-09 20:01:00+00:00,2025-01-09 20:00:00+00:00
34.20462,-118.09359,325.16,0.48,0.65,2025-01-09,20:01,N21,nominal,2.0NRT,285.8,6.98,D,J2,12.650000000000034,2025-01-09 20:01:00+00:00,2025-01-09 20:00:00+00:00
34.08947,-118.51366,330.7,0.51,0.66,2025-01-09,20:01,N21,nominal,2.0NRT,295.45,35.35,D,J2,22.30000000000001,2025-01-09 20:01:00+00:00,2025-01-09 20:00:00+00:00
34.08778,-118.51979,346.9,0.51,0.66,2025-01-09,20:01,N21,nominal,2.0NRT,312.65,35.35,D,J2,39.5,2025-01-09 20:01:00+00:00,2025-01-09 20:00:00+00:00
34.21397,-118.08234,353.28,0.48,0.65,2025-01-09,20:01,N21,nominal,2.0NRT,290.95,52.27,D,J2,17.80000000000001,2025-01-09 20:01:00+00:00,2025-01-09 20:00:00+00:00
34.21256,-118.08754,353.3,0.48,0.65,2025-01-09,20:01,N21,nominal,2.0NRT,287.75,52.27,D,J2,14.600000000000023,2025-01-09 20:01:00+00:00,2025-01-09 20:00:00+00:00
34.21135,-118.092,344.45,0.48,0.65,2025-01-09,20:01,N21,nominal,2.0NRT,286.64,9.51,D,J2,13.490000000000009,2025-01-09 20:01:00+00:00,2025-01-09 20:00:00+00:00
34.21009,-118.09665,330.85,0.49,0.65,2025-01-09,20:01,N21,nominal,2.0NRT,284.8,9.51,D,J2,11.650000000000034,2025-01-09 20:01:00+00:00,2025-01-09 20:00:00+00:00
34.09386,-118.52114,352.58,0.51,0.66,2025-01-09,20:01,N21,nominal,2.0NRT,321.77,97.81,D,J2,48.620000000000005,2025-01-09 20:01:00+00:00,2025-01-09 20:00:00+00:00
34.21317,-118.06221,333.57,0.48,0.65,2025-01-09,20:01,N21,nominal,2.0NRT,289.92,9.03,D,J2,16.77000000000004,2025-01-09 20:01:00+00:00,2025-01-09 20:00:00+00:00
34.06882,-118.6822,341.04,0.53,0.67,2025-01-09,20:01,N21,nominal,2.0NRT,294.49,18.73,D,J2,21.340000000000032,2025-01-09 20:01:00+00:00,2025-01-09 20:00:00+00:00
34.10199,-118.5619,346.23,0.52,0.67,2025-01-09,20:01,N21,nominal,2.0NRT,292.31,198.99,D,J2,19.160000000000025,2025-01-09 20:01:00+00:00,2025-01-09 20:00:00+00:00
34.10645,-118.54573,337.81,0.52,0.67,2025-01-09,20:01,N21,nominal,2.0NRT,306.64,123.11,D,J2,33.49000000000001,2025-01-09 20:01:00+00:00,2025-01-09 20:00:00+00:00
34.22688,-118.08109,348.59,0.48,0.65,2025-01-09,20:01,N21,nominal,2.0NRT,297.84,28.51,D,J2,24.689999999999998,2025-01-09 20:01:00+00:00,2025-01-09 20:00:00+00:00
34.22254,-118.0971,354.84,0.49,0.65,2025-01-09,20:01,N21,nominal,2.0NRT,291.65,19.37,D,J2,18.5,2025-01-09 20:01:00+00:00,2025-01-09 20:00:00+00:00
34.21819,-118.11314,351.53,0.49,0.65,2025-01-09,20:01,N21,nominal,2.0NRT,291.5,25.57,D,J2,18.350000000000023,2025-01-09 20:01:00+00:00,2025-01-09 20:00:00+00:00
34.10574,-118.52482,343.11,0.51,0.66,2025-01-09,20:01,N21,nominal,2.0NRT,295.44,49.87,D,J2,22.29000000000002,2025-01-09 20:01:00+00:00,2025-01-09 20:00:00+00:00
34.1019,-118.5388,351.98,0.52,0.66,2025-01-09,20:01,N21,nominal,2.0NRT,324.1,123.11,D,J2,50.950000000000045,2025-01-09 20:01:00+00:00,2025-01-09 20:00:00+00:00
34.09234,-118.57348,350.23,0.52,0.67,2025-01-09,20:01,N21,nominal,2.0NRT,291.59,38.06,D,J2,18.439999999999998,2025-01-09 20:01:00+00:00,2025-01-09 20:00:00+00:00
34.08939,-118.5842,338.08,0.52,0.67,2025-01-09,20:01,N21,nominal,2.0NRT,302.74,40.03,D,J2,29.590000000000032,2025-01-09 20:01:00+00:00,2025-01-09 20:00:00+00:00
34.08625,-118.59557,345.15,0.52,0.67,2025-01-09,20:01,N21,nominal,2.0NRT,289.04,15.84,D,J2,15.890000000000043,2025-01-09 20:01:00+00:00,2025-01-09 20:00:00+00:00
34.22507,-118.08775,355.65,0.48,0.65,2025-01-09,20:01,N21,low,2.0NRT,293.02,28.51,D,J2,19.870000000000005,2025-01-09 20:01:00+00:00,2025-01-09 20:00:00+00:00
34.22373,-118.0927,355.56,0.48,0.65,2025-01-09,20:01,N21,low,2.0NRT,293.35,19.37,D,J2,20.200000000000045,2025-01-09 20:01:00+00:00,2025-01-09 20:00:00+00:00
34.22136,-118.10144,355.56,0.49,0.65,2025-01-09,20:01,N21,low,2.0NRT,293.44,29.28,D,J2,20.29000000000002,2025-01-09 20:01:00+00:00,2025-01-09 20:00:00+00:00
34.22003,-118.10635,355.65,0.49,0.65,2025-01-09,20:01,N21,low,2.0NRT,296.14,29.28,D,J2,22.99000000000001,2025-01-09 20:01:00+00:00,2025-01-09 20:00:00+00:00
34.09925,-118.54841,367.0,0.52,0.67,2025-01-09,20:01,N21,low,2.0NRT,370.38,417.94,D,J2,97.23000000000002,2025-01-09 20:01:00+00:00,2025-01-09 20:00:00+00:00
34.09774,-118.55389,367.0,0.52,0.67,2025-01-09,20:01,N21,low,2.0NRT,369.9,417.94,D,J2,96.75,2025-01-09 20:01:00+00:00,2025-01-09 20:00:00+00:00
34.09584,-118.56078,207.38,0.52,0.67,2025-01-09,20:01,N21,low,2.0NRT,305.84,198.99,D,J2,32.69,2025-01-09 20:01:00+00:00,2025-01-09 20:00:00+00:00
34.23166,-118.08662,367.0,0.48,0.65,2025-01-09,20:01,N21,high,2.0NRT,299.42,28.51,D,J2,26.27000000000004,2025-01-09 20:01:00+00:00,2025-01-09 20:00:00+00:00
34.22644,-118.1059,367.0,0.49,0.65,2025-01-09,20:01,N21,high,2.0NRT,296.74,29.28,D,J2,23.590000000000032,2025-01-09 20:01:00+00:00,2025-01-09 20:00:00+00:00
34.1077,-118.54116,367.0,0.52,0.66,2025-01-09,20:01,N21,high,2.0NRT,297.42,123.11,D,J2,24.27000000000004,2025-01-09 20:01:00+00:00,2025-01-09 20:00:00+00:00
34.10513,-118.55048,367.0,0.52,0.67,2025-01-09,20:01,N21,high,2.0NRT,319.31,417.94,D,J2,46.160000000000025,2025-01-09 20:01:00+00:00,2025-01-09 20:00:00+00:00
34.10367,-118.55583,367.0,0.52,0.67,2025-01-09,20:01,N21,high,2.0NRT,333.85,417.94,D,J2,60.700000000000045,2025-01-09 20:01:00+00:00,2025-01-09 20:00:00+00:00
34.07085,-118.67485,367.0,0.53,0.67,2025-01-09,20:01,N21,high,2.0NRT,299.71,22.44,D,J2,26.560000000000002,2025-01-09 20:01:00+00:00,2025-01-09 20:00:00+00:00
34.23326,-118.08065,351.24,0.48,0.65,2025-01-09,20:01,N21,nominal,2.0NRT,287.78,28.51,D,J2,14.629999999999995,2025-01-09 20:01:00+00:00,2025-01-09 20:00:00+00:00
34.23016,-118.09214,339.18,0.48,0.65,2025-01-09,20:01,N21,nominal,2.0NRT,286.47,19.37,D,J2,13.32000000000005,2025-01-09 20:01:00+00:00,2025-01-09 20:00:00+00:00
34.22461,-118.11267,336.59,0.49,0.65,2025-01-09,20:01,N21,nominal,2.0NRT,301.46,25.57,D,J2,28.310000000000002,2025-01-09 20:01:00+00:00,2025-01-09 20:00:00+00:00
34.2225,-118.12047,340.12,0.49,0.65,2025-01-09,20:01,N21,nominal,2.0NRT,287.88,25.57,D,J2,14.730000000000018,2025-01-09 20:01:00+00:00,2025-01-09 20:00:00+00:00
34.09223,-118.52702,328.8,0.51,0.66,2025-01-09,20:01,N21,nominal,2.0NRT,300.62,62.54,D,J2,27.470000000000027,2025-01-09 20:01:00+00:00,2025-01-09 20:00:00+00:00
34.21923,-118.063,355.39,0.48,0.65,2025-01-09,20:01,N21,low,2.0NRT,289.82,120.16,D,J2,16.670000000000016,2025-01-09 20:01:00+00:00,2025-01-09 20:00:00+00:00
34.09081,-118.57904,367.0,0.52,0.67,2025-01-09,20:01,N21,high,2.0NRT,297.68,38.06,D,J2,24.53000000000003,2025-01-09 20:01:00+00:00,2025-01-09 20:00:00+00:00
34.0998,-118.52299,367.0,0.51,0.66,2025-01-09,20:01,N21,high,2.0NRT,315.43,97.81,D,J2,42.28000000000003,2025-01-09 20:01:00+00:00,2025-01-09 20:00:00+00:00
34.08023,-118.59391,326.89,0.52,0.67,2025-01-09,20:01,N21,nominal,2.0NRT,287.83,9.57,D,J2,14.680000000000007,2025-01-09 20:01:00+00:00,2025-01-09 20:00:00+00:00
34.21865,-118.08823,367.0,0.48,0.65,2025-01-09,20:01,N21,high,2.0NRT,290.73,52.27,D,J2,17.58000000000004,2025-01-09 20:01:00+00:00,2025-01-09 20:00:00+00:00
34.08191,-118.58784,339.57,0.52,0.67,2025-01-09,20:01,N21,nominal,2.0NRT,290.68,33.06,D,J2,17.53000000000003,2025-01-09 20:01:00+00:00,2025-01-09 20:00:00+00:00
34.08344,-118.58231,342.72,0.52,0.67,2025-01-09,20:01,N21,nominal,2.0NRT,297.9,33.06,D,J2,24.75,2025-01-09 20:01:00+00:00,2025-01-09 20:00:00+00:00
34.0876,-118.56721,348.49,0.52,0.67,2025-01-09,20:01,N21,nominal,2.0NRT,294.96,18.97,D,J2,21.810000000000002,2025-01-09 20:01:00+00:00,2025-01-09 20:00:00+00:00
34.0755,-118.61103,350.83,0.52,0.67,2025-01-09,20:01,N21,nominal,2.0NRT,295.71,13.56,D,J2,22.560000000000002,2025-01-09 20:01:00+00:00,2025-01-09 20:00:00+00:00
34.08968,-118.55968,355.58,0.52,0.67,2025-01-09,20:01,N21,nominal,2.0NRT,298.67,18.97,D,J2,25.52000000000004,2025-01-09 20:01:00+00:00,2025-01-09 20:00:00+00:00
34.09322,-118.54684,344.97,0.52,0.67,2025-01-09,20:01,N21,nominal,2.0NRT,303.47,18.82,D,J2,30.32000000000005,2025-01-09 20:01:00+00:00,2025-01-09 20:00:00+00:00
34.06622,-118.64459,340.63,0.52,0.67,2025-01-09,20:01,N21,nominal,2.0NRT,293.56,5.6,D,J2,20.410000000000025,2025-01-09 20:01:00+00:00,2025-01-09 20:00:00+00:00
34.22947,-118.0715,367.0,0.48,0.65,2025-01-09,20:01,N21,high,2.0NRT,292.34,44.72,D,J2,19.189999999999998,2025-01-09 20:01:00+00:00,2025-01-09 20:00:00+00:00
34.10312,-118.53436,367.0,0.52,0.66,2025-01-09,20:01,N21,high,2.0NRT,336.41,275.51,D,J2,63.26000000000005,2025-01-09 20:01:00+00:00,2025-01-09 20:00:00+00:00
34.10061,-118.5435,367.0,0.52,0.67,2025-01-09,20:01,N21,high,2.0NRT,356.6,123.11,D,J2,83.45000000000005,2025-01-09 20:01:00+00:00,2025-01-09 20:00:00+00:00
34.09451,-118.5422,348.66,0.52,0.67,2025-01-09,20:01,N21,nominal,2.0NRT,304.28,13.48,D,J2,31.129999999999995,2025-01-09 20:01:00+00:00,2025-01-09 20:00:00+00:00
34.21645,-118.09634,340.44,0.49,0.65,2025-01-09,20:01,N21,nominal,2.0NRT,289.77,9.51,D,J2,16.620000000000005,2025-01-09 20:01:00+00:00,2025-01-09 20:00:00+00:00
34.08791,-118.58953,367.0,0.52,0.67,2025-01-09,20:01,N21,high,2.0NRT,294.85,40.03,D,J2,21.700000000000045,2025-01-09 20:01:00+00:00,2025-01-09 20:00:00+00:00
34.21753,-118.09238,351.84,0.48,0.65,2025-01-09,20:01,N21,nominal,2.0NRT,289.81,9.51,D,J2,16.660000000000025,2025-01-09 20:01:00+00:00,2025-01-09 20:00:00+00:00
34.09825,-118.5286,367.0,0.51,0.66,2025-01-09,20:01,N21,high,2.0NRT,332.23,62.54,D,J2,59.08000000000004,2025-01-09 20:01:00+00:00,2025-01-09 20:00:00+00:00
34.2202,-118.08253,336.39,0.48,0.65,2025-01-09,20:01,N21,nominal,2.0NRT,295.66,52.27,D,J2,22.510000000000048,2025-01-09 20:01:00+00:00,2025-01-09 20:00:00+00:00
34.22302,-118.07216,342.04,0.48,0.65,2025-01-09,20:01,N21,nominal,2.0NRT,310.21,120.16,D,J2,37.06,2025-01-09 20:01:00+00:00,2025-01-09 20:00:00+00:00
34.22536,-118.06352,354.78,0.48,0.65,2025-01-09,20:01,N21,nominal,2.0NRT,286.71,120.16,D,J2,13.560000000000002,2025-01-09 20:01:00+00:00,2025-01-09 20:00:00+00:00
34.0743,-118.61536,367.0,0.52,0.67,2025-01-09,20:01,N21,high,2.0NRT,296.76,13.56,D,J2,23.610000000000014,2025-01-09 20:01:00+00:00,2025-01-09 20:00:00+00:00
34.08474,-118.57758,367.0,0.52,0.67,2025-01-09,20:01,N21,high,2.0NRT,312.29,41.76,D,J2,39.14000000000004,2025-01-09 20:01:00+00:00,2025-01-09 20:00:00+00:00
34.08604,-118.57288,367.0,0.52,0.67,2025-01-09,20:01,N21,high,2.0NRT,300.37,41.76,D,J2,27.220000000000027,2025-01-09 20:01:00+00:00,2025-01-09 20:00:00+00:00
34.21526,-118.10078,336.67,0.49,0.65,2025-01-09,20:01,N21,nominal,2.0NRT,289.33,12.23,D,J2,16.180000000000007,2025-01-09 20:01:00+00:00,2025-01-09 20:00:00+00:00
34.0917,-118.55236,367.0,0.52,0.67,2025-01-09,20:01,N21,high,2.0NRT,302.51,18.82,D,J2,29.360000000000014,2025-01-09 20:01:00+00:00,2025-01-09 20:00:00+00:00
34.06439,-118.64191,333.95,0.46,0.47,2025-01-09,20:25,N,nominal,2.0NRT,294.07,3.16,D,SUOMI,20.920000000000016,2025-01-09 20:25:00+00:00,2025-01-09 20:00:00+00:00
34.09063,-118.52205,306.49,0.45,0.47,2025-01-09,20:25,N,low,2.0NRT,322.4,76.17,D,SUOMI,49.25,2025-01-09 20:25:00+00:00,2025-01-09 20:00:00+00:00
34.07531,-118.61274,367.0,0.45,0.47,2025-01-09,20:25,N,high,2.0NRT,301.66,10.02,D,SUOMI,28.510000000000048,2025-01-09 20:25:00+00:00,2025-01-09 20:00:00+00:00
34.09806,-118.52914,355.54,0.45,0.47,2025-01-09,20:25,N,nominal,2.0NRT,330.53,117.25,D,SUOMI,57.379999999999995,2025-01-09 20:25:00+00:00,2025-01-09 20:00:00+00:00
34.08424,-118.57187,342.73,0.45,0.47,2025-01-09,20:25,N,nominal,2.0NRT,300.64,7.01,D,SUOMI,27.49000000000001,2025-01-09 20:25:00+00:00,2025-01-09 20:00:00+00:00
34.08327,-118.5763,346.36,0.45,0.47,2025-01-09,20:25,N,nominal,2.0NRT,302.03,7.01,D,SUOMI,28.879999999999995,2025-01-09 20:25:00+00:00,2025-01-09 20:00:00+00:00
34.08649,-118.58221,367.0,0.45,0.47,2025-01-09,20:25,N,high,2.0NRT,367.3,86.93,D,SUOMI,94.15000000000003,2025-01-09 20:25:00+00:00,2025-01-09 20:00:00+00:00
34.07205,-118.607,330.64,0.45,0.47,2025-01-09,20:25,N,nominal,2.0NRT,291.96,10.02,D,SUOMI,18.810000000000002,2025-01-09 20:25:00+00:00,2025-01-09 20:00:00+00:00
34.09602,-118.51794,340.98,0.45,0.47,2025-01-09,20:25,N,nominal,2.0NRT,296.42,33.27,D,SUOMI,23.27000000000004,2025-01-09 20:25:00+00:00,2025-01-09 20:00:00+00:00
34.09174,-118.51692,340.92,0.45,0.47,2025-01-09,20:25,N,nominal,2.0NRT,303.83,33.27,D,SUOMI,30.680000000000007,2025-01-09 20:25:00+00:00,2025-01-09 20:00:00+00:00
34.22789,-118.08919,357.16,0.42,0.45,2025-01-09,20:25,N,low,2.0NRT,299.35,8.85,D,SUOMI,26.200000000000045,2025-01-09 20:25:00+00:00,2025-01-09 20:00:00+00:00
34.08418,-118.51867,330.04,0.45,0.47,2025-01-09,20:25,N,nominal,2.0NRT,302.07,3.2,D,SUOMI,28.920000000000016,2025-01-09 20:25:00+00:00,2025-01-09 20:00:00+00:00
34.04281,-118.54423,332.13,0.45,0.47,2025-01-09,20:25,N,nominal,2.0NRT,297.5,2.33,D,SUOMI,24.350000000000023,2025-01-09 20:25:00+00:00,2025-01-09 20:00:00+00:00
34.33378,-118.52034,328.17,0.44,0.46,2025-01-09,20:25,N,nominal,2.0NRT,297.4,1.78,D,SUOMI,24.25,2025-01-09 20:25:00+00:00,2025-01-09 20:00:00+00:00
34.22736,-118.11234,304.25,0.43,0.46,2025-01-09,20:25,N,low,2.0NRT,321.59,67.88,D,SUOMI,48.44,2025-01-09 20:25:00+00:00,2025-01-09 20:00:00+00:00
34.22849,-118.107,367.0,0.42,0.46,2025-01-09,20:25,N,low,2.0NRT,330.91,67.88,D,SUOMI,57.76000000000005,2025-01-09 20:25:00+00:00,2025-01-09 20:00:00+00:00
34.22619,-118.1179,347.32,0.43,0.46,2025-01-09,20:25,N,nominal,2.0NRT,289.2,9.76,D,SUOMI,16.05000000000001,2025-01-09 20:25:00+00:00,2025-01-09 20:00:00+00:00
34.2322,-118.08945,336.54,0.42,0.45,2025-01-09,20:25,N,nominal,2.0NRT,288.13,8.85,D,SUOMI,14.980000000000018,2025-01-09 20:25:00+00:00,2025-01-09 20:00:00+00:00
34.2332,-118.08472,352.2,0.42,0.45,2025-01-09,20:25,N,nominal,2.0NRT,304.76,26.64,D,SUOMI,31.610000000000014,2025-01-09 20:25:00+00:00,2025-01-09 20:00:00+00:00
34.23421,-118.07992,367.0,0.42,0.45,2025-01-09,20:25,N,high,2.0NRT,295.78,26.64,D,SUOMI,22.629999999999995,2025-01-09 20:25:00+00:00,2025-01-09 20:00:00+00:00
34.09708,-118.53366,350.87,0.45,0.47,2025-01-09,20:25,N,nominal,2.0NRT,309.23,31.98,D,SUOMI,36.08000000000004,2025-01-09 20:25:00+00:00,2025-01-09 20:00:00+00:00
34.08636,-118.52102,341.86,0.45,0.47,2025-01-09,20:25,N,nominal,2.0NRT,306.27,4.9,D,SUOMI,33.120000000000005,2025-01-09 20:25:00+00:00,2025-01-09 20:00:00+00:00
34.09613,-118.53802,336.21,0.45,0.47,2025-01-09,20:25,N,nominal,2.0NRT,301.01,31.98,D,SUOMI,27.860000000000014,2025-01-09 20:25:00+00:00,2025-01-09 20:00:00+00:00
34.06439,-118.68321,337.56,0.46,0.47,2025-01-09,20:25,N,nominal,2.0NRT,297.15,9.24,D,SUOMI,24.0,2025-01-09 20:25:00+00:00,2025-01-09 20:00:00+00:00
34.09423,-118.54673,348.54,0.45,0.47,2025-01-09,20:25,N,nominal,2.0NRT,309.82,44.77,D,SUOMI,36.670000000000016,2025-01-09 20:25:00+00:00,2025-01-09 20:00:00+00:00
34.07103,-118.67365,342.62,0.46,0.47,2025-01-09,20:25,N,nominal,2.0NRT,299.49,14.35,D,SUOMI,26.340000000000032,2025-01-09 20:25:00+00:00,2025-01-09 20:00:00+00:00
34.08751,-118.59818,333.8,0.45,0.47,2025-01-09,20:25,N,nominal,2.0NRT,298.02,52.51,D,SUOMI,24.870000000000005,2025-01-09 20:25:00+00:00,2025-01-09 20:00:00+00:00
34.08974,-118.588,342.51,0.45,0.47,2025-01-09,20:25,N,nominal,2.0NRT,298.64,86.93,D,SUOMI,25.49000000000001,2025-01-09 20:25:00+00:00,2025-01-09 20:00:00+00:00
34.09078,-118.58319,341.24,0.45,0.47,2025-01-09,20:25,N,nominal,2.0NRT,299.73,86.93,D,SUOMI,26.58000000000004,2025-01-09 20:25:00+00:00,2025-01-09 20:00:00+00:00
34.09183,-118.57838,336.25,0.45,0.47,2025-01-09,20:25,N,nominal,2.0NRT,291.81,32.58,D,SUOMI,18.660000000000025,2025-01-09 20:25:00+00:00,2025-01-09 20:00:00+00:00
34.09399,-118.5685,330.02,0.45,0.47,2025-01-09,20:25,N,nominal,2.0NRT,289.68,6.38,D,SUOMI,16.53000000000003,2025-01-09 20:25:00+00:00,2025-01-09 20:00:00+00:00
34.09512,-118.5633,351.57,0.45,0.47,2025-01-09,20:25,N,nominal,2.0NRT,293.0,6.38,D,SUOMI,19.850000000000023,2025-01-09 20:25:00+00:00,2025-01-09 20:00:00+00:00
34.10045,-118.53883,352.74,0.45,0.47,2025-01-09,20:25,N,nominal,2.0NRT,314.88,31.98,D,SUOMI,41.73000000000002,2025-01-09 20:25:00+00:00,2025-01-09 20:00:00+00:00
34.09745,-118.55262,367.0,0.45,0.47,2025-01-09,20:25,N,high,2.0NRT,374.29,197.98,D,SUOMI,101.14000000000004,2025-01-09 20:25:00+00:00,2025-01-09 20:00:00+00:00
34.0985,-118.54781,367.0,0.45,0.47,2025-01-09,20:25,N,high,2.0NRT,366.03,44.77,D,SUOMI,92.88,2025-01-09 20:25:00+00:00,2025-01-09 20:00:00+00:00
34.10139,-118.53446,367.0,0.45,0.47,2025-01-09,20:25,N,high,2.0NRT,342.18,31.98,D,SUOMI,69.03000000000003,2025-01-09 20:25:00+00:00,2025-01-09 20:00:00+00:00
34.10234,-118.53014,367.0,0.45,0.47,2025-01-09,20:25,N,high,2.0NRT,347.7,117.25,D,SUOMI,74.55000000000001,2025-01-09 20:25:00+00:00,2025-01-09 20:00:00+00:00
34.09913,-118.52423,351.79,0.45,0.47,2025-01-09,20:25,N,low,2.0NRT,332.44,117.25,D,SUOMI,59.29000000000002,2025-01-09 20:25:00+00:00,2025-01-09 20:00:00+00:00
34.22205,-118.1168,336.96,0.43,0.46,2025-01-09,20:25,N,nominal,2.0NRT,291.35,9.76,D,SUOMI,18.200000000000045,2025-01-09 20:25:00+00:00,2025-01-09 20:00:00+00:00
34.06563,-118.67757,347.11,0.46,0.47,2025-01-09,20:25,N,nominal,2.0NRT,300.28,9.24,D,SUOMI,27.129999999999995,2025-01-09 20:25:00+00:00,2025-01-09 20:00:00+00:00
34.08327,-118.59697,350.43,0.45,0.47,2025-01-09,20:25,N,nominal,2.0NRT,304.19,52.51,D,SUOMI,31.04000000000002,2025-01-09 20:25:00+00:00,2025-01-09 20:00:00+00:00
34.08438,-118.59188,353.46,0.45,0.47,2025-01-09,20:25,N,nominal,2.0NRT,303.76,52.51,D,SUOMI,30.610000000000014,2025-01-09 20:25:00+00:00,2025-01-09 20:00:00+00:00
34.08549,-118.5868,356.44,0.45,0.47,2025-01-09,20:25,N,nominal,2.0NRT,299.79,86.93,D,SUOMI,26.640000000000043,2025-01-09 20:25:00+00:00,2025-01-09 20:00:00+00:00
34.08749,-118.57763,353.89,0.45,0.47,2025-01-09,20:25,N,nominal,2.0NRT,303.42,32.58,D,SUOMI,30.27000000000004,2025-01-09 20:25:00+00:00,2025-01-09 20:00:00+00:00
34.0885,-118.573,344.75,0.45,0.47,2025-01-09,20:25,N,nominal,2.0NRT,294.62,32.58,D,SUOMI,21.470000000000027,2025-01-09 20:25:00+00:00,2025-01-09 20:00:00+00:00
34.09079,-118.56252,328.95,0.45,0.47,2025-01-09,20:25,N,nominal,2.0NRT,293.54,6.38,D,SUOMI,20.390000000000043,2025-01-09 20:25:00+00:00,2025-01-09 20:00:00+00:00
34.09203,-118.55682,347.61,0.45,0.47,2025-01-09,20:25,N,nominal,2.0NRT,306.22,197.98,D,SUOMI,33.07000000000005,2025-01-09 20:25:00+00:00,2025-01-09 20:00:00+00:00
34.09319,-118.55154,349.61,0.45,0.47,2025-01-09,20:25,N,nominal,2.0NRT,317.95,197.98,D,SUOMI,44.80000000000001,2025-01-09 20:25:00+00:00,2025-01-09 20:00:00+00:00
34.0952,-118.54232,349.15,0.45,0.47,2025-01-09,20:25,N,nominal,2.0NRT,309.09,44.77,D,SUOMI,35.94,2025-01-09 20:25:00+00:00,2025-01-09 20:00:00+00:00
34.22318,-118.11151,356.4,0.43,0.46,2025-01-09,20:25,N,nominal,2.0NRT,302.19,67.88,D,SUOMI,29.04000000000002,2025-01-09 20:25:00+00:00,2025-01-09 20:00:00+00:00
34.08229,-118.58079,341.62,0.45,0.47,2025-01-09,20:25,N,nominal,2.0NRT,296.66,10.59,D,SUOMI,23.510000000000048,2025-01-09 20:25:00+00:00,2025-01-09 20:00:00+00:00
34.22606,-118.09786,340.52,0.42,0.46,2025-01-09,20:25,N,nominal,2.0NRT,288.53,13.09,D,SUOMI,15.379999999999995,2025-01-09 20:25:00+00:00,2025-01-09 20:00:00+00:00
34.21979,-118.0657,367.0,0.42,0.45,2025-01-09,20:25,N,high,2.0NRT,340.4,221.11,D,SUOMI,67.25,2025-01-09 20:25:00+00:00,2025-01-09 20:00:00+00:00
34.2143,-118.07102,294.62,0.42,0.45,2025-01-09,20:25,N,low,2.0NRT,316.98,221.11,D,SUOMI,43.83000000000004,2025-01-09 20:25:00+00:00,2025-01-09 20:00:00+00:00
34.21088,-118.0871,329.61,0.42,0.45,2025-01-09,20:25,N,nominal,2.0NRT,287.52,3.83,D,SUOMI,14.370000000000005,2025-01-09 20:25:00+00:00,2025-01-09 20:00:00+00:00
34.21188,-118.08243,348.46,0.42,0.45,2025-01-09,20:25,N,nominal,2.0NRT,291.75,15.96,D,SUOMI,18.600000000000023,2025-01-09 20:25:00+00:00,2025-01-09 20:00:00+00:00
34.21299,-118.07716,355.21,0.42,0.45,2025-01-09,20:25,N,nominal,2.0NRT,299.37,15.96,D,SUOMI,26.220000000000027,2025-01-09 20:25:00+00:00,2025-01-09 20:00:00+00:00
34.10886,-118.54148,340.62,0.45,0.47,2025-01-09,20:25,N,nominal,2.0NRT,291.0,50.67,D,SUOMI,17.850000000000023,2025-01-09 20:25:00+00:00,2025-01-09 20:00:00+00:00
34.20776,-118.08125,350.56,0.42,0.45,2025-01-09,20:25,N,nominal,2.0NRT,293.68,16.23,D,SUOMI,20.53000000000003,2025-01-09 20:25:00+00:00,2025-01-09 20:00:00+00:00
34.20892,-118.07581,353.47,0.42,0.45,2025-01-09,20:25,N,nominal,2.0NRT,303.81,16.23,D,SUOMI,30.660000000000025,2025-01-09 20:25:00+00:00,2025-01-09 20:00:00+00:00
34.21017,-118.06993,352.98,0.42,0.45,2025-01-09,20:25,N,nominal,2.0NRT,295.45,10.71,D,SUOMI,22.30000000000001,2025-01-09 20:25:00+00:00,2025-01-09 20:00:00+00:00
34.21146,-118.06389,344.51,0.42,0.45,2025-01-09,20:25,N,nominal,2.0NRT,294.78,10.71,D,SUOMI,21.629999999999995,2025-01-09 20:25:00+00:00,2025-01-09 20:00:00+00:00
34.21239,-118.05949,333.19,0.42,0.45,2025-01-09,20:25,N,nominal,2.0NRT,291.5,4.98,D,SUOMI,18.350000000000023,2025-01-09 20:25:00+00:00,2025-01-09 20:00:00+00:00
34.07517,-118.67541,333.33,0.46,0.47,2025-01-09,20:25,N,nominal,2.0NRT,299.15,3.9,D,SUOMI,26.0,2025-01-09 20:25:00+00:00,2025-01-09 20:00:00+00:00
34.09944,-118.56415,327.03,0.45,0.47,2025-01-09,20:25,N,nominal,2.0NRT,290.76,5.69,D,SUOMI,17.610000000000014,2025-01-09 20:25:00+00:00,2025-01-09 20:00:00+00:00
34.10058,-118.55889,329.88,0.45,0.47,2025-01-09,20:25,N,nominal,2.0NRT,303.59,173.42,D,SUOMI,30.439999999999998,2025-01-09 20:25:00+00:00,2025-01-09 20:00:00+00:00
34.10567,-118.53546,342.63,0.45,0.47,2025-01-09,20:25,N,nominal,2.0NRT,295.3,50.67,D,SUOMI,22.150000000000034,2025-01-09 20:25:00+00:00,2025-01-09 20:00:00+00:00
34.20487,-118.07431,354.12,0.42,0.45,2025-01-09,20:25,N,nominal,2.0NRT,291.71,16.23,D,SUOMI,18.560000000000002,2025-01-09 20:25:00+00:00,2025-01-09 20:00:00+00:00
34.20721,-118.06339,327.66,0.42,0.45,2025-01-09,20:25,N,nominal,2.0NRT,292.38,10.71,D,SUOMI,19.230000000000018,2025-01-09 20:25:00+00:00,2025-01-09 20:00:00+00:00
34.1017,-118.55376,367.0,0.45,0.47,2025-01-09,20:25,N,high,2.0NRT,364.38,173.42,D,SUOMI,91.23000000000002,2025-01-09 20:25:00+00:00,2025-01-09 20:00:00+00:00
34.10274,-118.54897,367.0,0.45,0.47,2025-01-09,20:25,N,high,2.0NRT,344.29,289.24,D,SUOMI,71.14000000000004,2025-01-09 20:25:00+00:00,2025-01-09 20:00:00+00:00
34.10376,-118.54429,367.0,0.45,0.47,2025-01-09,20:25,N,high,2.0NRT,379.71,289.24,D,SUOMI,106.56,2025-01-09 20:25:00+00:00,2025-01-09 20:00:00+00:00
34.10472,-118.53982,367.0,0.45,0.47,2025-01-09,20:25,N,high,2.0NRT,338.79,50.67,D,SUOMI,65.64000000000004,2025-01-09 20:25:00+00:00,2025-01-09 20:00:00+00:00
34.20605,-118.06881,367.0,0.42,0.45,2025-01-09,20:25,N,high,2.0NRT,301.77,10.71,D,SUOMI,28.620000000000005,2025-01-09 20:25:00+00:00,2025-01-09 20:00:00+00:00
34.09948,-118.54326,355.47,0.45,0.47,2025-01-09,20:25,N,low,2.0NRT,339.87,44.77,D,SUOMI,66.72000000000003,2025-01-09 20:25:00+00:00,2025-01-09 20:00:00+00:00
34.10337,-118.52541,367.0,0.45,0.47,2025-01-09,20:25,N,low,2.0NRT,333.7,117.25,D,SUOMI,60.55000000000001,2025-01-09 20:25:00+00:00,2025-01-09 20:00:00+00:00
34.06975,-118.67945,345.11,0.46,0.47,2025-01-09,20:25,N,nominal,2.0NRT,304.99,9.24,D,SUOMI,31.840000000000032,2025-01-09 20:25:00+00:00,2025-01-09 20:00:00+00:00
34.22086,-118.06064,340.55,0.42,0.45,2025-01-09,20:25,N,nominal,2.0NRT,293.0,57.0,D,SUOMI,19.850000000000023,2025-01-09 20:25:00+00:00,2025-01-09 20:00:00+00:00
34.21719,-118.07796,356.06,0.42,0.45,2025-01-09,20:25,N,nominal,2.0NRT,297.94,15.96,D,SUOMI,24.79000000000002,2025-01-09 20:25:00+00:00,2025-01-09 20:00:00+00:00
34.21608,-118.08319,355.25,0.42,0.45,2025-01-09,20:25,N,nominal,2.0NRT,291.86,15.96,D,SUOMI,18.710000000000036,2025-01-09 20:25:00+00:00,2025-01-09 20:00:00+00:00
34.21509,-118.08784,342.08,0.42,0.45,2025-01-09,20:25,N,nominal,2.0NRT,288.72,3.83,D,SUOMI,15.57000000000005,2025-01-09 20:25:00+00:00,2025-01-09 20:00:00+00:00
34.22695,-118.09364,352.09,0.42,0.46,2025-01-09,20:25,N,nominal,2.0NRT,293.84,8.85,D,SUOMI,20.689999999999998,2025-01-09 20:25:00+00:00,2025-01-09 20:00:00+00:00
34.23001,-118.07918,356.0,0.42,0.45,2025-01-09,20:25,N,nominal,2.0NRT,304.29,26.64,D,SUOMI,31.140000000000043,2025-01-09 20:25:00+00:00,2025-01-09 20:00:00+00:00
34.23116,-118.07377,357.08,0.42,0.45,2025-01-09,20:25,N,nominal,2.0NRT,300.4,39.9,D,SUOMI,27.25,2025-01-09 20:25:00+00:00,2025-01-09 20:00:00+00:00
34.22424,-118.1065,367.0,0.42,0.46,2025-01-09,20:25,N,high,2.0NRT,307.36,67.88,D,SUOMI,34.210000000000036,2025-01-09 20:25:00+00:00,2025-01-09 20:00:00+00:00
34.22893,-118.0843,367.0,0.42,0.45,2025-01-09,20:25,N,high,2.0NRT,301.4,26.64,D,SUOMI,28.25,2025-01-09 20:25:00+00:00,2025-01-09 20:00:00+00:00
34.22707,-118.07248,367.0,0.42,0.45,2025-01-09,20:25,N,low,2.0NRT,333.22,77.94,D,SUOMI,60.07000000000005,2025-01-09 20:25:00+00:00,2025-01-09 20:00:00+00:00
34.2189,-118.11106,337.54,0.43,0.46,2025-01-09,20:25,N,nominal,2.0NRT,296.79,8.7,D,SUOMI,23.640000000000043,2025-01-09 20:25:00+00:00,2025-01-09 20:00:00+00:00
34.22179,-118.09744,350.44,0.42,0.46,2025-01-09,20:25,N,nominal,2.0NRT,299.64,9.39,D,SUOMI,26.49000000000001,2025-01-09 20:25:00+00:00,2025-01-09 20:00:00+00:00
34.22267,-118.09328,349.42,0.42,0.46,2025-01-09,20:25,N,nominal,2.0NRT,298.43,6.57,D,SUOMI,25.28000000000003,2025-01-09 20:25:00+00:00,2025-01-09 20:00:00+00:00
34.22358,-118.08897,355.74,0.42,0.45,2025-01-09,20:25,N,nominal,2.0NRT,297.21,6.57,D,SUOMI,24.060000000000002,2025-01-09 20:25:00+00:00,2025-01-09 20:00:00+00:00
34.22575,-118.07874,353.72,0.42,0.45,2025-01-09,20:25,N,nominal,2.0NRT,304.51,27.78,D,SUOMI,31.360000000000014,2025-01-09 20:25:00+00:00,2025-01-09 20:00:00+00:00
34.2252,-118.10195,346.58,0.42,0.46,2025-01-09,20:25,N,nominal,2.0NRT,293.69,13.09,D,SUOMI,20.54000000000002,2025-01-09 20:25:00+00:00,2025-01-09 20:00:00+00:00
34.22818,-118.0672,339.13,0.42,0.45,2025-01-09,20:25,N,nominal,2.0NRT,289.27,77.94,D,SUOMI,16.120000000000005,2025-01-09 20:25:00+00:00,2025-01-09 20:00:00+00:00
34.2209,-118.10163,367.0,0.42,0.46,2025-01-09,20:25,N,high,2.0NRT,305.58,9.39,D,SUOMI,32.43000000000001,2025-01-09 20:25:00+00:00,2025-01-09 20:00:00+00:00
34.2246,-118.08414,367.0,0.42,0.45,2025-01-09,20:25,N,high,2.0NRT,297.73,27.78,D,SUOMI,24.58000000000004,2025-01-09 20:25:00+00:00,2025-01-09 20:00:00+00:00
34.22399,-118.06644,367.0,0.42,0.45,2025-01-09,20:25,N,low,2.0NRT,325.11,77.94,D,SUOMI,51.960000000000036,2025-01-09 20:25:00+00:00,2025-01-09 20:00:00+00:00
34.21669,-118.10087,339.44,0.42,0.46,2025-01-09,20:25,N,nominal,2.0NRT,294.09,9.39,D,SUOMI,20.939999999999998,2025-01-09 20:25:00+00:00,2025-01-09 20:00:00+00:00
34.21758,-118.09669,344.56,0.42,0.46,2025-01-09,20:25,N,nominal,2.0NRT,296.06,9.39,D,SUOMI,22.910000000000025,2025-01-09 20:25:00+00:00,2025-01-09 20:00:00+00:00
34.21843,-118.09266,342.37,0.42,0.46,2025-01-09,20:25,N,nominal,2.0NRT,294.49,6.57,D,SUOMI,21.340000000000032,2025-01-09 20:25:00+00:00,2025-01-09 20:00:00+00:00
34.2193,-118.08858,343.91,0.42,0.45,2025-01-09,20:25,N,nominal,2.0NRT,292.44,6.57,D,SUOMI,19.29000000000002,2025-01-09 20:25:00+00:00,2025-01-09 20:00:00+00:00
34.22144,-118.07848,351.04,0.42,0.45,2025-01-09,20:25,N,nominal,2.0NRT,302.57,27.78,D,SUOMI,29.420000000000016,2025-01-09 20:25:00+00:00,2025-01-09 20:00:00+00:00
34.22029,-118.08388,367.0,0.42,0.45,2025-01-09,20:25,N,high,2.0NRT,295.96,27.78,D,SUOMI,22.810000000000002,2025-01-09 20:25:00+00:00,2025-01-09 20:00:00+00:00
34.22275,-118.0723,367.0,0.42,0.45,2025-01-09,20:25,N,high,2.0NRT,327.06,77.94,D,SUOMI,53.910000000000025,2025-01-09 20:25:00+00:00,2025-01-09 20:00:00+00:00
34.2185,-118.07177,270.17,0.42,0.45,2025-01-09,20:25,N,low,2.0NRT,323.7,221.11,D,SUOMI,50.55000000000001,2025-01-09 20:25:00+00:00,2025-01-09 20:00:00+00:00
34.21424,-118.09183,333.0,0.42,0.46,2025-01-09,20:25,N,nominal,2.0NRT,289.59,3.83,D,SUOMI,16.439999999999998,2025-01-09 20:25:00+00:00,2025-01-09 20:00:00+00:00
34.21996,-118.10609,367.0,0.42,0.46,2025-01-09,20:25,N,high,2.0NRT,301.99,8.7,D,SUOMI,28.840000000000032,2025-01-09 20:25:00+00:00,2025-01-09 20:00:00+00:00
34.10789,-118.54595,349.49,0.45,0.47,2025-01-09,20:25,N,nominal,2.0NRT,291.1,289.24,D,SUOMI,17.950000000000045,2025-01-09 20:25:00+00:00,2025-01-09 20:00:00+00:00
34.07008,-118.59904,334.58,0.39,0.36,2025-01-09,20:50,N20,nominal,2.0NRT,293.53,3.46,D,J1,20.379999999999995,2025-01-09 20:50:00+00:00,2025-01-09 21:00:00+00:00
34.08625,-118.52049,337.58,0.39,0.36,2025-01-09,20:50,N20,nominal,2.0NRT,306.58,4.75,D,J1,33.43000000000001,2025-01-09 20:50:00+00:00,2025-01-09 21:00:00+00:00
34.30236,-118.78786,343.28,0.39,0.36,2025-01-09,20:50,N20,nominal,2.0NRT,298.81,4.37,D,J1,25.660000000000025,2025-01-09 20:50:00+00:00,2025-01-09 21:00:00+00:00
34.10471,-118.53326,331.7,0.39,0.36,2025-01-09,20:50,N20,nominal,2.0NRT,292.57,50.76,D,J1,19.420000000000016,2025-01-09 20:50:00+00:00,2025-01-09 21:00:00+00:00
34.10136,-118.554,367.0,0.39,0.36,2025-01-09,20:50,N20,high,2.0NRT,362.42,156.3,D,J1,89.27000000000004,2025-01-09 20:50:00+00:00,2025-01-09 21:00:00+00:00
34.10204,-118.54982,367.0,0.39,0.36,2025-01-09,20:50,N20,high,2.0NRT,360.06,156.3,D,J1,86.91000000000003,2025-01-09 20:50:00+00:00,2025-01-09 21:00:00+00:00
34.10338,-118.5415,367.0,0.39,0.36,2025-01-09,20:50,N20,high,2.0NRT,351.07,113.64,D,J1,77.92000000000002,2025-01-09 20:50:00+00:00,2025-01-09 21:00:00+00:00
34.09806,-118.55325,367.0,0.39,0.36,2025-01-09,20:50,N20,low,2.0NRT,378.1,156.3,D,J1,104.95000000000005,2025-01-09 20:50:00+00:00,2025-01-09 21:00:00+00:00
34.09941,-118.54491,367.0,0.39,0.36,2025-01-09,20:50,N20,low,2.0NRT,337.56,113.64,D,J1,64.41000000000003,2025-01-09 20:50:00+00:00,2025-01-09 21:00:00+00:00
34.10405,-118.53736,354.43,0.39,0.36,2025-01-09,20:50,N20,nominal,2.0NRT,312.98,50.76,D,J1,39.83000000000004,2025-01-09 20:50:00+00:00,2025-01-09 21:00:00+00:00
34.10008,-118.54077,350.09,0.39,0.36,2025-01-09,20:50,N20,nominal,2.0NRT,314.58,113.64,D,J1,41.43000000000001,2025-01-09 20:50:00+00:00,2025-01-09 21:00:00+00:00
34.09737,-118.55748,367.0,0.39,0.36,2025-01-09,20:50,N20,high,2.0NRT,337.88,117.2,D,J1,64.73000000000002,2025-01-09 20:50:00+00:00,2025-01-09 21:00:00+00:00
34.09874,-118.54906,367.0,0.39,0.36,2025-01-09,20:50,N20,high,2.0NRT,358.44,156.3,D,J1,85.29000000000002,2025-01-09 20:50:00+00:00,2025-01-09 21:00:00+00:00
34.10141,-118.53254,367.0,0.39,0.36,2025-01-09,20:50,N20,high,2.0NRT,365.14,50.76,D,J1,91.99000000000001,2025-01-09 20:50:00+00:00,2025-01-09 21:00:00+00:00
34.10208,-118.52841,367.0,0.39,0.36,2025-01-09,20:50,N20,high,2.0NRT,356.17,183.05,D,J1,83.02000000000004,2025-01-09 20:50:00+00:00,2025-01-09 21:00:00+00:00
34.10275,-118.52422,367.0,0.39,0.36,2025-01-09,20:50,N20,high,2.0NRT,346.67,183.05,D,J1,73.52000000000004,2025-01-09 20:50:00+00:00,2025-01-09 21:00:00+00:00
34.09877,-118.52765,350.86,0.39,0.36,2025-01-09,20:50,N20,low,2.0NRT,333.45,34.85,D,J1,60.30000000000001,2025-01-09 20:50:00+00:00,2025-01-09 21:00:00+00:00
34.10074,-118.53665,355.94,0.39,0.36,2025-01-09,20:50,N20,nominal,2.0NRT,320.04,50.76,D,J1,46.89000000000004,2025-01-09 20:50:00+00:00,2025-01-09 21:00:00+00:00
34.075,-118.67403,346.6,0.39,0.36,2025-01-09,20:50,N20,nominal,2.0NRT,302.72,21.59,D,J1,29.57000000000005,2025-01-09 20:50:00+00:00,2025-01-09 21:00:00+00:00
34.10271,-118.54564,367.0,0.39,0.36,2025-01-09,20:50,N20,low,2.0NRT,371.31,113.64,D,J1,98.16000000000003,2025-01-09 20:50:00+00:00,2025-01-09 21:00:00+00:00
34.10734,-118.53816,330.96,0.39,0.36,2025-01-09,20:50,N20,nominal,2.0NRT,292.86,11.65,D,J1,19.710000000000036,2025-01-09 20:50:00+00:00,2025-01-09 21:00:00+00:00
34.21256,-118.07028,367.0,0.39,0.36,2025-01-09,20:50,N20,high,2.0NRT,330.82,73.04,D,J1,57.670000000000016,2025-01-09 20:50:00+00:00,2025-01-09 21:00:00+00:00
34.2073,-118.08217,351.16,0.39,0.36,2025-01-09,20:50,N20,nominal,2.0NRT,293.97,6.58,D,J1,20.82000000000005,2025-01-09 20:50:00+00:00,2025-01-09 21:00:00+00:00
34.20796,-118.07797,351.74,0.39,0.36,2025-01-09,20:50,N20,nominal,2.0NRT,312.81,27.54,D,J1,39.660000000000025,2025-01-09 20:50:00+00:00,2025-01-09 21:00:00+00:00
34.20994,-118.06532,355.56,0.39,0.36,2025-01-09,20:50,N20,nominal,2.0NRT,290.33,73.04,D,J1,17.180000000000007,2025-01-09 20:50:00+00:00,2025-01-09 21:00:00+00:00
34.21059,-118.06114,340.77,0.39,0.36,2025-01-09,20:50,N20,nominal,2.0NRT,293.66,22.09,D,J1,20.510000000000048,2025-01-09 20:50:00+00:00,2025-01-09 21:00:00+00:00
34.20928,-118.06955,367.0,0.39,0.36,2025-01-09,20:50,N20,high,2.0NRT,293.16,73.04,D,J1,20.010000000000048,2025-01-09 20:50:00+00:00,2025-01-09 21:00:00+00:00
34.10068,-118.55822,309.43,0.39,0.36,2025-01-09,20:50,N20,low,2.0NRT,309.62,117.2,D,J1,36.47000000000003,2025-01-09 20:50:00+00:00,2025-01-09 21:00:00+00:00
34.20468,-118.07722,350.34,0.39,0.36,2025-01-09,20:50,N20,nominal,2.0NRT,289.67,7.87,D,J1,16.52000000000004,2025-01-09 20:50:00+00:00,2025-01-09 21:00:00+00:00
34.206,-118.06882,355.06,0.39,0.36,2025-01-09,20:50,N20,nominal,2.0NRT,301.26,11.33,D,J1,28.110000000000014,2025-01-09 20:50:00+00:00,2025-01-09 21:00:00+00:00
34.20666,-118.0646,351.05,0.39,0.36,2025-01-09,20:50,N20,nominal,2.0NRT,291.16,11.33,D,J1,18.010000000000048,2025-01-09 20:50:00+00:00,2025-01-09 21:00:00+00:00
34.20206,-118.07229,345.32,0.39,0.36,2025-01-09,20:50,N20,nominal,2.0NRT,288.98,7.87,D,J1,15.830000000000041,2025-01-09 20:50:00+00:00,2025-01-09 21:00:00+00:00
34.20272,-118.0681,351.16,0.39,0.36,2025-01-09,20:50,N20,nominal,2.0NRT,290.61,11.33,D,J1,17.460000000000036,2025-01-09 20:50:00+00:00,2025-01-09 21:00:00+00:00
34.106,-118.54643,342.09,0.39,0.36,2025-01-09,20:50,N20,nominal,2.0NRT,298.78,30.25,D,J1,25.629999999999995,2025-01-09 20:50:00+00:00,2025-01-09 21:00:00+00:00
34.10667,-118.54229,342.7,0.39,0.36,2025-01-09,20:50,N20,nominal,2.0NRT,301.28,30.25,D,J1,28.129999999999995,2025-01-09 20:50:00+00:00,2025-01-09 21:00:00+00:00
34.20534,-118.07301,355.82,0.39,0.36,2025-01-09,20:50,N20,nominal,2.0NRT,293.46,7.87,D,J1,20.310000000000002,2025-01-09 20:50:00+00:00,2025-01-09 21:00:00+00:00
34.21124,-118.07874,367.0,0.39,0.36,2025-01-09,20:50,N20,high,2.0NRT,300.9,27.54,D,J1,27.75,2025-01-09 20:50:00+00:00,2025-01-09 21:00:00+00:00
34.08792,-118.59465,331.83,0.39,0.36,2025-01-09,20:50,N20,nominal,2.0NRT,293.13,39.42,D,J1,19.980000000000018,2025-01-09 20:50:00+00:00,2025-01-09 21:00:00+00:00
34.08996,-118.58205,356.01,0.39,0.36,2025-01-09,20:50,N20,nominal,2.0NRT,303.1,70.64,D,J1,29.950000000000045,2025-01-09 20:50:00+00:00,2025-01-09 21:00:00+00:00
34.06771,-118.67673,348.16,0.39,0.36,2025-01-09,20:50,N20,nominal,2.0NRT,309.16,10.53,D,J1,36.01000000000005,2025-01-09 20:50:00+00:00,2025-01-09 21:00:00+00:00
34.08063,-118.59736,328.79,0.39,0.36,2025-01-09,20:50,N20,nominal,2.0NRT,295.56,4.42,D,J1,22.410000000000025,2025-01-09 20:50:00+00:00,2025-01-09 21:00:00+00:00
34.08131,-118.59316,347.99,0.39,0.36,2025-01-09,20:50,N20,nominal,2.0NRT,301.17,4.18,D,J1,28.02000000000004,2025-01-09 20:50:00+00:00,2025-01-09 21:00:00+00:00
34.082,-118.58893,327.74,0.39,0.36,2025-01-09,20:50,N20,nominal,2.0NRT,297.24,4.18,D,J1,24.090000000000032,2025-01-09 20:50:00+00:00,2025-01-09 21:00:00+00:00
34.08336,-118.58053,350.39,0.39,0.36,2025-01-09,20:50,N20,nominal,2.0NRT,320.01,19.51,D,J1,46.860000000000014,2025-01-09 20:50:00+00:00,2025-01-09 21:00:00+00:00
34.08403,-118.5764,349.91,0.39,0.36,2025-01-09,20:50,N20,nominal,2.0NRT,306.79,7.57,D,J1,33.64000000000004,2025-01-09 20:50:00+00:00,2025-01-09 21:00:00+00:00
34.08666,-118.58132,367.0,0.39,0.36,2025-01-09,20:50,N20,high,2.0NRT,359.35,70.64,D,J1,86.20000000000005,2025-01-09 20:50:00+00:00,2025-01-09 21:00:00+00:00
34.0847,-118.57227,348.7,0.39,0.36,2025-01-09,20:50,N20,nominal,2.0NRT,306.68,7.57,D,J1,33.53000000000003,2025-01-09 20:50:00+00:00,2025-01-09 21:00:00+00:00
34.06371,-118.68018,346.37,0.39,0.36,2025-01-09,20:50,N20,nominal,2.0NRT,302.41,18.57,D,J1,29.260000000000048,2025-01-09 20:50:00+00:00,2025-01-09 21:00:00+00:00
34.07467,-118.61295,350.55,0.39,0.36,2025-01-09,20:50,N20,nominal,2.0NRT,306.36,8.53,D,J1,33.210000000000036,2025-01-09 20:50:00+00:00,2025-01-09 21:00:00+00:00
34.07534,-118.60886,329.84,0.39,0.36,2025-01-09,20:50,N20,nominal,2.0NRT,292.47,2.92,D,J1,19.32000000000005,2025-01-09 20:50:00+00:00,2025-01-09 21:00:00+00:00
34.09023,-118.51701,331.37,0.39,0.36,2025-01-09,20:50,N20,nominal,2.0NRT,296.87,22.97,D,J1,23.720000000000027,2025-01-09 20:50:00+00:00,2025-01-09 21:00:00+00:00
34.06656,-118.64172,330.64,0.39,0.36,2025-01-09,20:50,N20,nominal,2.0NRT,296.59,1.47,D,J1,23.439999999999998,2025-01-09 20:50:00+00:00,2025-01-09 21:00:00+00:00
34.07204,-118.60806,339.85,0.39,0.36,2025-01-09,20:50,N20,nominal,2.0NRT,295.64,3.53,D,J1,22.49000000000001,2025-01-09 20:50:00+00:00,2025-01-09 21:00:00+00:00
34.09217,-118.52617,327.96,0.39,0.36,2025-01-09,20:50,N20,low,2.0NRT,298.78,60.86,D,J1,25.629999999999995,2025-01-09 20:50:00+00:00,2025-01-09 21:00:00+00:00
34.08929,-118.58622,347.02,0.39,0.36,2025-01-09,20:50,N20,nominal,2.0NRT,311.2,70.64,D,J1,38.05000000000001,2025-01-09 20:50:00+00:00,2025-01-09 21:00:00+00:00
34.08393,-118.59811,367.0,0.39,0.36,2025-01-09,20:50,N20,high,2.0NRT,329.45,108.62,D,J1,56.30000000000001,2025-01-09 20:50:00+00:00,2025-01-09 21:00:00+00:00
34.09547,-118.52691,339.11,0.39,0.36,2025-01-09,20:50,N20,nominal,2.0NRT,302.23,34.85,D,J1,29.08000000000004,2025-01-09 20:50:00+00:00,2025-01-09 21:00:00+00:00
34.09543,-118.54832,353.87,0.39,0.36,2025-01-09,20:50,N20,nominal,2.0NRT,324.61,26.78,D,J1,51.460000000000036,2025-01-09 20:50:00+00:00,2025-01-09 21:00:00+00:00
34.09611,-118.54416,355.53,0.39,0.36,2025-01-09,20:50,N20,nominal,2.0NRT,324.58,8.7,D,J1,51.43000000000001,2025-01-09 20:50:00+00:00,2025-01-09 21:00:00+00:00
34.09677,-118.54006,330.51,0.39,0.36,2025-01-09,20:50,N20,low,2.0NRT,302.51,8.7,D,J1,29.360000000000014,2025-01-09 20:50:00+00:00,2025-01-09 21:00:00+00:00
34.09743,-118.53594,341.44,0.39,0.36,2025-01-09,20:50,N20,nominal,2.0NRT,308.24,5.67,D,J1,35.09000000000003,2025-01-09 20:50:00+00:00,2025-01-09 21:00:00+00:00
34.0981,-118.53183,351.48,0.39,0.36,2025-01-09,20:50,N20,nominal,2.0NRT,319.3,5.67,D,J1,46.150000000000034,2025-01-09 20:50:00+00:00,2025-01-09 21:00:00+00:00
34.09476,-118.55251,367.0,0.39,0.36,2025-01-09,20:50,N20,high,2.0NRT,360.09,26.78,D,J1,86.94,2025-01-09 20:50:00+00:00,2025-01-09 21:00:00+00:00
34.09616,-118.52271,344.34,0.39,0.36,2025-01-09,20:50,N20,low,2.0NRT,314.4,34.85,D,J1,41.25,2025-01-09 20:50:00+00:00,2025-01-09 21:00:00+00:00
34.0853,-118.58967,367.0,0.39,0.36,2025-01-09,20:50,N20,low,2.0NRT,327.75,39.42,D,J1,54.60000000000002,2025-01-09 20:50:00+00:00,2025-01-09 21:00:00+00:00
34.08462,-118.5939,341.82,0.39,0.36,2025-01-09,20:50,N20,nominal,2.0NRT,295.64,39.42,D,J1,22.49000000000001,2025-01-09 20:50:00+00:00,2025-01-09 21:00:00+00:00
34.08733,-118.57716,340.01,0.39,0.36,2025-01-09,20:50,N20,nominal,2.0NRT,298.51,7.09,D,J1,25.360000000000014,2025-01-09 20:50:00+00:00,2025-01-09 21:00:00+00:00
34.09145,-118.55176,337.36,0.39,0.36,2025-01-09,20:50,N20,nominal,2.0NRT,302.18,26.78,D,J1,29.03000000000003,2025-01-09 20:50:00+00:00,2025-01-09 21:00:00+00:00
34.09213,-118.54756,331.36,0.39,0.36,2025-01-09,20:50,N20,nominal,2.0NRT,299.07,26.78,D,J1,25.920000000000016,2025-01-09 20:50:00+00:00,2025-01-09 21:00:00+00:00
34.0928,-118.54343,333.0,0.39,0.36,2025-01-09,20:50,N20,nominal,2.0NRT,301.55,8.7,D,J1,28.400000000000034,2025-01-09 20:50:00+00:00,2025-01-09 21:00:00+00:00
34.0948,-118.53107,337.05,0.39,0.36,2025-01-09,20:50,N20,low,2.0NRT,307.99,5.67,D,J1,34.84000000000003,2025-01-09 20:50:00+00:00,2025-01-09 21:00:00+00:00
34.07171,-118.67323,332.53,0.39,0.36,2025-01-09,20:50,N20,nominal,2.0NRT,300.13,21.59,D,J1,26.980000000000018,2025-01-09 20:50:00+00:00,2025-01-09 21:00:00+00:00
34.21387,-118.06185,352.58,0.39,0.36,2025-01-09,20:50,N20,nominal,2.0NRT,291.85,22.09,D,J1,18.700000000000045,2025-01-09 20:50:00+00:00,2025-01-09 21:00:00+00:00
34.20862,-118.07377,367.0,0.39,0.36,2025-01-09,20:50,N20,high,2.0NRT,295.44,27.54,D,J1,22.29000000000002,2025-01-09 20:50:00+00:00,2025-01-09 21:00:00+00:00
34.21058,-118.08292,344.27,0.39,0.36,2025-01-09,20:50,N20,nominal,2.0NRT,295.11,6.58,D,J1,21.960000000000036,2025-01-09 20:50:00+00:00,2025-01-09 21:00:00+00:00
34.22638,-118.11192,367.0,0.39,0.36,2025-01-09,20:50,N20,high,2.0NRT,343.83,43.74,D,J1,70.68,2025-01-09 20:50:00+00:00,2025-01-09 21:00:00+00:00
34.22896,-118.07381,367.0,0.39,0.36,2025-01-09,20:50,N20,low,2.0NRT,327.16,30.56,D,J1,54.01000000000005,2025-01-09 20:50:00+00:00,2025-01-09 21:00:00+00:00
34.21651,-118.15328,336.99,0.39,0.36,2025-01-09,20:50,N20,nominal,2.0NRT,295.6,2.86,D,J1,22.450000000000045,2025-01-09 20:50:00+00:00,2025-01-09 21:00:00+00:00
34.22244,-118.11539,334.62,0.39,0.36,2025-01-09,20:50,N20,nominal,2.0NRT,297.22,43.74,D,J1,24.07000000000005,2025-01-09 20:50:00+00:00,2025-01-09 21:00:00+00:00
34.22309,-118.11121,355.14,0.39,0.36,2025-01-09,20:50,N20,nominal,2.0NRT,303.24,43.74,D,J1,30.090000000000032,2025-01-09 20:50:00+00:00,2025-01-09 21:00:00+00:00
34.2244,-118.10289,328.58,0.39,0.36,2025-01-09,20:50,N20,nominal,2.0NRT,300.23,20.78,D,J1,27.08000000000004,2025-01-09 20:50:00+00:00,2025-01-09 21:00:00+00:00
34.23224,-118.07457,347.01,0.39,0.36,2025-01-09,20:50,N20,nominal,2.0NRT,302.49,30.56,D,J1,29.340000000000032,2025-01-09 20:50:00+00:00,2025-01-09 21:00:00+00:00
34.22505,-118.09879,330.02,0.39,0.36,2025-01-09,20:50,N20,nominal,2.0NRT,289.61,5.4,D,J1,16.460000000000036,2025-01-09 20:50:00+00:00,2025-01-09 21:00:00+00:00
34.22635,-118.09057,349.67,0.39,0.36,2025-01-09,20:50,N20,nominal,2.0NRT,309.97,21.6,D,J1,36.82000000000005,2025-01-09 20:50:00+00:00,2025-01-09 21:00:00+00:00
34.21189,-118.0745,340.16,0.39,0.36,2025-01-09,20:50,N20,nominal,2.0NRT,309.77,27.54,D,J1,36.620000000000005,2025-01-09 20:50:00+00:00,2025-01-09 21:00:00+00:00
34.22765,-118.08224,356.14,0.39,0.36,2025-01-09,20:50,N20,nominal,2.0NRT,302.32,37.43,D,J1,29.170000000000016,2025-01-09 20:50:00+00:00,2025-01-09 21:00:00+00:00
34.22831,-118.07804,350.96,0.39,0.36,2025-01-09,20:50,N20,nominal,2.0NRT,314.43,37.43,D,J1,41.28000000000003,2025-01-09 20:50:00+00:00,2025-01-09 21:00:00+00:00
34.22962,-118.06961,344.57,0.39,0.36,2025-01-09,20:50,N20,nominal,2.0NRT,316.89,30.56,D,J1,43.74000000000001,2025-01-09 20:50:00+00:00,2025-01-09 21:00:00+00:00
34.22375,-118.10703,367.0,0.39,0.36,2025-01-09,20:50,N20,high,2.0NRT,308.6,20.78,D,J1,35.450000000000045,2025-01-09 20:50:00+00:00,2025-01-09 21:00:00+00:00
34.2257,-118.0947,344.56,0.39,0.36,2025-01-09,20:50,N20,nominal,2.0NRT,294.82,5.4,D,J1,21.670000000000016,2025-01-09 20:50:00+00:00,2025-01-09 21:00:00+00:00
34.22568,-118.07313,367.0,0.39,0.36,2025-01-09,20:50,N20,low,2.0NRT,332.23,65.54,D,J1,59.08000000000004,2025-01-09 20:50:00+00:00,2025-01-09 21:00:00+00:00
34.23093,-118.08293,353.02,0.39,0.36,2025-01-09,20:50,N20,nominal,2.0NRT,305.88,37.43,D,J1,32.73000000000002,2025-01-09 20:50:00+00:00,2025-01-09 21:00:00+00:00
34.22963,-118.09124,332.82,0.39,0.36,2025-01-09,20:50,N20,nominal,2.0NRT,298.57,21.6,D,J1,25.420000000000016,2025-01-09 20:50:00+00:00,2025-01-09 21:00:00+00:00
34.28967,-118.80248,330.5,0.39,0.36,2025-01-09,20:50,N20,nominal,2.0NRT,300.35,1.17,D,J1,27.200000000000045,2025-01-09 20:50:00+00:00,2025-01-09 21:00:00+00:00
34.33536,-118.52068,331.17,0.39,0.36,2025-01-09,20:50,N20,nominal,2.0NRT,296.9,1.87,D,J1,23.75,2025-01-09 20:50:00+00:00,2025-01-09 21:00:00+00:00
34.23228,-118.1176,330.41,0.39,0.36,2025-01-09,20:50,N20,nominal,2.0NRT,291.36,168.56,D,J1,18.210000000000036,2025-01-09 20:50:00+00:00,2025-01-09 21:00:00+00:00
34.23294,-118.11341,367.0,0.39,0.36,2025-01-09,20:50,N20,high,2.0NRT,350.88,168.56,D,J1,77.73000000000002,2025-01-09 20:50:00+00:00,2025-01-09 21:00:00+00:00
34.22966,-118.11266,367.0,0.39,0.36,2025-01-09,20:50,N20,low,2.0NRT,357.6,168.56,D,J1,84.45000000000005,2025-01-09 20:50:00+00:00,2025-01-09 21:00:00+00:00
34.23031,-118.10845,367.0,0.39,0.36,2025-01-09,20:50,N20,low,2.0NRT,372.01,258.25,D,J1,98.86000000000001,2025-01-09 20:50:00+00:00,2025-01-09 21:00:00+00:00
34.23028,-118.0871,354.28,0.39,0.36,2025-01-09,20:50,N20,nominal,2.0NRT,308.0,21.6,D,J1,34.85000000000002,2025-01-09 20:50:00+00:00,2025-01-09 21:00:00+00:00
34.229,-118.11687,343.7,0.39,0.36,2025-01-09,20:50,N20,nominal,2.0NRT,293.74,168.56,D,J1,20.590000000000032,2025-01-09 20:50:00+00:00,2025-01-09 21:00:00+00:00
34.23356,-118.08777,328.14,0.39,0.36,2025-01-09,20:50,N20,nominal,2.0NRT,289.08,5.04,D,J1,15.930000000000007,2025-01-09 20:50:00+00:00,2025-01-09 21:00:00+00:00
34.23421,-118.08363,354.4,0.39,0.36,2025-01-09,20:50,N20,nominal,2.0NRT,305.84,22.85,D,J1,32.69,2025-01-09 20:50:00+00:00,2025-01-09 21:00:00+00:00
34.23486,-118.07948,350.11,0.39,0.36,2025-01-09,20:50,N20,nominal,2.0NRT,300.57,22.85,D,J1,27.420000000000016,2025-01-09 20:50:00+00:00,2025-01-09 21:00:00+00:00
34.22703,-118.10773,367.0,0.39,0.36,2025-01-09,20:50,N20,low,2.0NRT,327.38,20.78,D,J1,54.23000000000002,2025-01-09 20:50:00+00:00,2025-01-09 21:00:00+00:00
34.22572,-118.11613,340.02,0.39,0.36,2025-01-09,20:50,N20,nominal,2.0NRT,292.75,43.74,D,J1,19.600000000000023,2025-01-09 20:50:00+00:00,2025-01-09 21:00:00+00:00
34.22769,-118.10356,346.05,0.39,0.36,2025-01-09,20:50,N20,nominal,2.0NRT,302.37,20.78,D,J1,29.220000000000027,2025-01-09 20:50:00+00:00,2025-01-09 21:00:00+00:00
34.23096,-118.10429,339.35,0.39,0.36,2025-01-09,20:50,N20,nominal,2.0NRT,301.71,258.25,D,J1,28.560000000000002,2025-01-09 20:50:00+00:00,2025-01-09 21:00:00+00:00
34.22634,-118.06889,367.0,0.39,0.36,2025-01-09,20:50,N20,low,2.0NRT,335.0,65.54,D,J1,61.85000000000002,2025-01-09 20:50:00+00:00,2025-01-09 21:00:00+00:00
34.227,-118.08643,356.12,0.39,0.36,2025-01-09,20:50,N20,nominal,2.0NRT,301.97,21.6,D,J1,28.82000000000005,2025-01-09 20:50:00+00:00,2025-01-09 21:00:00+00:00
34.22047,-118.10633,356.17,0.39,0.36,2025-01-09,20:50,N20,nominal,2.0NRT,302.41,7.17,D,J1,29.260000000000048,2025-01-09 20:50:00+00:00,2025-01-09 21:00:00+00:00
34.21585,-118.09258,334.75,0.39,0.36,2025-01-09,20:50,N20,nominal,2.0NRT,293.09,7.25,D,J1,19.939999999999998,2025-01-09 20:50:00+00:00,2025-01-09 21:00:00+00:00
34.2165,-118.08849,335.6,0.39,0.36,2025-01-09,20:50,N20,nominal,2.0NRT,293.62,7.8,D,J1,20.470000000000027,2025-01-09 20:50:00+00:00,2025-01-09 21:00:00+00:00
34.21715,-118.08435,350.91,0.39,0.36,2025-01-09,20:50,N20,nominal,2.0NRT,301.04,7.8,D,J1,27.890000000000043,2025-01-09 20:50:00+00:00,2025-01-09 21:00:00+00:00
34.2178,-118.08018,356.35,0.39,0.36,2025-01-09,20:50,N20,nominal,2.0NRT,304.67,18.68,D,J1,31.52000000000004,2025-01-09 20:50:00+00:00,2025-01-09 21:00:00+00:00
34.21846,-118.07595,352.92,0.39,0.36,2025-01-09,20:50,N20,nominal,2.0NRT,309.0,18.68,D,J1,35.85000000000002,2025-01-09 20:50:00+00:00,2025-01-09 21:00:00+00:00
34.21981,-118.11051,348.0,0.39,0.36,2025-01-09,20:50,N20,nominal,2.0NRT,302.91,4.75,D,J1,29.760000000000048,2025-01-09 20:50:00+00:00,2025-01-09 21:00:00+00:00
34.21977,-118.06748,367.0,0.39,0.36,2025-01-09,20:50,N20,low,2.0NRT,369.18,0.0,D,J1,96.03000000000003,2025-01-09 20:50:00+00:00,2025-01-09 21:00:00+00:00
34.22043,-118.06328,367.0,0.39,0.36,2025-01-09,20:50,N20,high,2.0NRT,342.29,162.38,D,J1,69.14000000000004,2025-01-09 20:50:00+00:00,2025-01-09 21:00:00+00:00
34.2165,-118.06677,367.0,0.39,0.36,2025-01-09,20:50,N20,low,2.0NRT,359.19,0.0,D,J1,86.04000000000002,2025-01-09 20:50:00+00:00,2025-01-09 21:00:00+00:00
34.21386,-118.08364,342.58,0.39,0.36,2025-01-09,20:50,N20,nominal,2.0NRT,294.59,7.8,D,J1,21.439999999999998,2025-01-09 20:50:00+00:00,2025-01-09 21:00:00+00:00
34.21452,-118.07948,342.01,0.39,0.36,2025-01-09,20:50,N20,nominal,2.0NRT,296.35,18.68,D,J1,23.200000000000045,2025-01-09 20:50:00+00:00,2025-01-09 21:00:00+00:00
34.21518,-118.07524,350.17,0.39,0.36,2025-01-09,20:50,N20,nominal,2.0NRT,303.31,18.68,D,J1,30.160000000000025,2025-01-09 20:50:00+00:00,2025-01-09 21:00:00+00:00
34.21716,-118.06255,339.34,0.39,0.36,2025-01-09,20:50,N20,nominal,2.0NRT,308.89,162.38,D,J1,35.74000000000001,2025-01-09 20:50:00+00:00,2025-01-09 21:00:00+00:00
34.21322,-118.06605,290.59,0.39,0.36,2025-01-09,20:50,N20,low,2.0NRT,318.82,73.04,D,J1,45.670000000000016,2025-01-09 20:50:00+00:00,2025-01-09 21:00:00+00:00
34.21584,-118.07101,367.0,0.39,0.36,2025-01-09,20:50,N20,low,2.0NRT,359.23,0.0,D,J1,86.08000000000004,2025-01-09 20:50:00+00:00,2025-01-09 21:00:00+00:00
34.22306,-118.06819,367.0,0.39,0.36,2025-01-09,20:50,N20,high,2.0NRT,346.39,65.54,D,J1,73.24000000000001,2025-01-09 20:50:00+00:00,2025-01-09 21:00:00+00:00
34.21912,-118.07172,367.0,0.39,0.36,2025-01-09,20:50,N20,high,2.0NRT,339.94,0.0,D,J1,66.79000000000002,2025-01-09 20:50:00+00:00,2025-01-09 21:00:00+00:00
34.22108,-118.08087,351.81,0.39,0.36,2025-01-09,20:50,N20,nominal,2.0NRT,309.54,45.3,D,J1,36.39000000000004,2025-01-09 20:50:00+00:00,2025-01-09 21:00:00+00:00
34.21784,-118.10151,367.0,0.39,0.36,2025-01-09,20:50,N20,high,2.0NRT,300.66,7.17,D,J1,27.510000000000048,2025-01-09 20:50:00+00:00,2025-01-09 21:00:00+00:00
34.22176,-118.0981,349.85,0.39,0.36,2025-01-09,20:50,N20,nominal,2.0NRT,303.27,7.18,D,J1,30.120000000000005,2025-01-09 20:50:00+00:00,2025-01-09 21:00:00+00:00
34.22241,-118.09401,342.25,0.39,0.36,2025-01-09,20:50,N20,nominal,2.0NRT,297.54,7.18,D,J1,24.390000000000043,2025-01-09 20:50:00+00:00,2025-01-09 21:00:00+00:00
34.22437,-118.08155,354.56,0.39,0.36,2025-01-09,20:50,N20,nominal,2.0NRT,304.24,45.3,D,J1,31.090000000000032,2025-01-09 20:50:00+00:00,2025-01-09 21:00:00+00:00
34.22502,-118.07736,350.33,0.39,0.36,2025-01-09,20:50,N20,nominal,2.0NRT,310.62,45.3,D,J1,37.47000000000003,2025-01-09 20:50:00+00:00,2025-01-09 21:00:00+00:00
34.22306,-118.08989,367.0,0.39,0.36,2025-01-09,20:50,N20,high,2.0NRT,299.03,8.79,D,J1,25.879999999999995,2025-01-09 20:50:00+00:00,2025-01-09 21:00:00+00:00
34.22371,-118.08575,367.0,0.39,0.36,2025-01-09,20:50,N20,high,2.0NRT,301.07,8.79,D,J1,27.920000000000016,2025-01-09 20:50:00+00:00,2025-01-09 21:00:00+00:00
34.22112,-118.10221,354.32,0.39,0.36,2025-01-09,20:50,N20,nominal,2.0NRT,305.35,7.17,D,J1,32.200000000000045,2025-01-09 20:50:00+00:00,2025-01-09 21:00:00+00:00
34.22371,-118.064,367.0,0.39,0.36,2025-01-09,20:50,N20,low,2.0NRT,325.78,59.91,D,J1,52.629999999999995,2025-01-09 20:50:00+00:00,2025-01-09 21:00:00+00:00
34.21719,-118.10564,339.42,0.39,0.36,2025-01-09,20:50,N20,nominal,2.0NRT,296.84,7.17,D,J1,23.689999999999998,2025-01-09 20:50:00+00:00,2025-01-09 21:00:00+00:00
34.21849,-118.09739,353.67,0.39,0.36,2025-01-09,20:50,N20,nominal,2.0NRT,300.55,7.18,D,J1,27.400000000000034,2025-01-09 20:50:00+00:00,2025-01-09 21:00:00+00:00
34.21913,-118.0933,339.61,0.39,0.36,2025-01-09,20:50,N20,nominal,2.0NRT,296.12,7.18,D,J1,22.970000000000027,2025-01-09 20:50:00+00:00,2025-01-09 21:00:00+00:00
34.21978,-118.0892,337.89,0.39,0.36,2025-01-09,20:50,N20,nominal,2.0NRT,294.11,8.79,D,J1,20.960000000000036,2025-01-09 20:50:00+00:00,2025-01-09 21:00:00+00:00
34.22043,-118.08507,352.08,0.39,0.36,2025-01-09,20:50,N20,nominal,2.0NRT,302.64,8.79,D,J1,29.49000000000001,2025-01-09 20:50:00+00:00,2025-01-09 21:00:00+00:00
34.2224,-118.07243,367.0,0.39,0.36,2025-01-09,20:50,N20,low,2.0NRT,327.17,65.54,D,J1,54.02000000000004,2025-01-09 20:50:00+00:00,2025-01-09 21:00:00+00:00
34.23119,-118.09426,367.0,0.44,0.62,2025-01-09,21:42,N21,high,2.0NRT,300.47,16.67,D,J2,27.32000000000005,2025-01-09 21:42:00+00:00,2025-01-09 22:00:00+00:00
34.23035,-118.10949,367.0,0.44,0.62,2025-01-09,21:42,N21,high,2.0NRT,337.19,141.92,D,J2,64.04000000000002,2025-01-09 21:42:00+00:00,2025-01-09 22:00:00+00:00
34.23263,-118.06814,340.53,0.44,0.62,2025-01-09,21:42,N21,nominal,2.0NRT,293.46,17.66,D,J2,20.310000000000002,2025-01-09 21:42:00+00:00,2025-01-09 22:00:00+00:00
34.23086,-118.10033,342.2,0.44,0.62,2025-01-09,21:42,N21,nominal,2.0NRT,297.44,35.19,D,J2,24.29000000000002,2025-01-09 21:42:00+00:00,2025-01-09 22:00:00+00:00
34.23057,-118.10558,353.94,0.44,0.62,2025-01-09,21:42,N21,nominal,2.0NRT,325.15,35.19,D,J2,52.0,2025-01-09 21:42:00+00:00,2025-01-09 22:00:00+00:00
34.22977,-118.12005,329.88,0.44,0.62,2025-01-09,21:42,N21,nominal,2.0NRT,288.86,72.3,D,J2,15.710000000000036,2025-01-09 21:42:00+00:00,2025-01-09 22:00:00+00:00
34.23792,-118.07678,334.11,0.44,0.62,2025-01-09,21:42,N21,nominal,2.0NRT,286.36,3.97,D,J2,13.210000000000036,2025-01-09 21:42:00+00:00,2025-01-09 22:00:00+00:00
34.22996,-118.11655,207.38,0.44,0.62,2025-01-09,21:42,N21,low,2.0NRT,316.47,72.3,D,J2,43.32000000000005,2025-01-09 21:42:00+00:00,2025-01-09 22:00:00+00:00
34.23607,-118.11015,367.0,0.44,0.62,2025-01-09,21:42,N21,high,2.0NRT,299.96,95.42,D,J2,26.810000000000002,2025-01-09 21:42:00+00:00,2025-01-09 22:00:00+00:00
34.23761,-118.08222,340.99,0.44,0.62,2025-01-09,21:42,N21,nominal,2.0NRT,289.12,5.18,D,J2,15.970000000000027,2025-01-09 21:42:00+00:00,2025-01-09 22:00:00+00:00
34.23586,-118.11381,344.81,0.44,0.62,2025-01-09,21:42,N21,nominal,2.0NRT,311.69,95.42,D,J2,38.54000000000002,2025-01-09 21:42:00+00:00,2025-01-09 22:00:00+00:00
34.23565,-118.11755,207.38,0.44,0.62,2025-01-09,21:42,N21,low,2.0NRT,313.41,149.13,D,J2,40.26000000000005,2025-01-09 21:42:00+00:00,2025-01-09 22:00:00+00:00
34.23146,-118.08934,367.0,0.44,0.62,2025-01-09,21:42,N21,high,2.0NRT,300.6,16.67,D,J2,27.450000000000045,2025-01-09 21:42:00+00:00,2025-01-09 22:00:00+00:00
34.23016,-118.11304,367.0,0.44,0.62,2025-01-09,21:42,N21,low,2.0NRT,356.11,141.92,D,J2,82.96000000000004,2025-01-09 21:42:00+00:00,2025-01-09 22:00:00+00:00
34.23172,-118.08474,367.0,0.44,0.62,2025-01-09,21:42,N21,high,2.0NRT,300.59,24.92,D,J2,27.439999999999998,2025-01-09 21:42:00+00:00,2025-01-09 22:00:00+00:00
34.215,-118.07439,352.12,0.44,0.62,2025-01-09,21:42,N21,nominal,2.0NRT,304.84,27.51,D,J2,31.689999999999998,2025-01-09 21:42:00+00:00,2025-01-09 22:00:00+00:00
34.23217,-118.07648,367.0,0.44,0.62,2025-01-09,21:42,N21,high,2.0NRT,303.36,29.9,D,J2,30.210000000000036,2025-01-09 21:42:00+00:00,2025-01-09 22:00:00+00:00
34.20397,-118.06515,327.08,0.44,0.62,2025-01-09,21:42,N21,nominal,2.0NRT,291.19,6.96,D,J2,18.04000000000002,2025-01-09 21:42:00+00:00,2025-01-09 22:00:00+00:00
34.20376,-118.06897,367.0,0.44,0.62,2025-01-09,21:42,N21,high,2.0NRT,293.88,6.96,D,J2,20.730000000000018,2025-01-09 21:42:00+00:00,2025-01-09 22:00:00+00:00
34.10528,-118.55135,207.38,0.41,0.61,2025-01-09,21:42,N21,low,2.0NRT,318.56,264.17,D,J2,45.410000000000025,2025-01-09 21:42:00+00:00,2025-01-09 22:00:00+00:00
34.10557,-118.54664,367.0,0.41,0.61,2025-01-09,21:42,N21,low,2.0NRT,369.29,264.17,D,J2,96.14000000000004,2025-01-09 21:42:00+00:00,2025-01-09 22:00:00+00:00
34.10616,-118.53654,207.38,0.41,0.61,2025-01-09,21:42,N21,low,2.0NRT,308.8,270.55,D,J2,35.650000000000034,2025-01-09 21:42:00+00:00,2025-01-09 22:00:00+00:00
34.10648,-118.53113,367.0,0.41,0.61,2025-01-09,21:42,N21,low,2.0NRT,372.35,867.27,D,J2,99.20000000000005,2025-01-09 21:42:00+00:00,2025-01-09 22:00:00+00:00
34.10677,-118.52631,367.0,0.41,0.61,2025-01-09,21:42,N21,low,2.0NRT,372.82,867.27,D,J2,99.67000000000002,2025-01-09 21:42:00+00:00,2025-01-09 22:00:00+00:00
34.10501,-118.55579,348.31,0.41,0.61,2025-01-09,21:42,N21,nominal,2.0NRT,304.11,47.66,D,J2,30.960000000000036,2025-01-09 21:42:00+00:00,2025-01-09 22:00:00+00:00
34.10749,-118.51414,332.12,0.41,0.61,2025-01-09,21:42,N21,nominal,2.0NRT,292.55,9.38,D,J2,19.400000000000034,2025-01-09 21:42:00+00:00,2025-01-09 22:00:00+00:00
34.10585,-118.54176,367.0,0.41,0.61,2025-01-09,21:42,N21,high,2.0NRT,341.38,270.55,D,J2,68.23000000000002,2025-01-09 21:42:00+00:00,2025-01-09 22:00:00+00:00
34.10702,-118.52205,367.0,0.41,0.61,2025-01-09,21:42,N21,high,2.0NRT,315.46,215.66,D,J2,42.31,2025-01-09 21:42:00+00:00,2025-01-09 22:00:00+00:00
34.10726,-118.51801,367.0,0.41,0.61,2025-01-09,21:42,N21,high,2.0NRT,293.75,215.66,D,J2,20.600000000000023,2025-01-09 21:42:00+00:00,2025-01-09 22:00:00+00:00
34.09922,-118.55898,344.72,0.41,0.61,2025-01-09,21:42,N21,nominal,2.0NRT,302.47,45.11,D,J2,29.32000000000005,2025-01-09 21:42:00+00:00,2025-01-09 22:00:00+00:00
34.09971,-118.55079,355.04,0.41,0.61,2025-01-09,21:42,N21,nominal,2.0NRT,328.58,29.31,D,J2,55.43000000000001,2025-01-09 21:42:00+00:00,2025-01-09 22:00:00+00:00
34.10061,-118.53546,342.45,0.41,0.61,2025-01-09,21:42,N21,nominal,2.0NRT,310.98,25.06,D,J2,37.83000000000004,2025-01-09 21:42:00+00:00,2025-01-09 22:00:00+00:00
34.20357,-118.07259,341.65,0.44,0.62,2025-01-09,21:42,N21,nominal,2.0NRT,288.98,12.74,D,J2,15.830000000000041,2025-01-09 21:42:00+00:00,2025-01-09 22:00:00+00:00
34.20911,-118.07672,367.0,0.44,0.62,2025-01-09,21:42,N21,high,2.0NRT,299.3,12.74,D,J2,26.150000000000034,2025-01-09 21:42:00+00:00,2025-01-09 22:00:00+00:00
34.20892,-118.0802,367.0,0.44,0.62,2025-01-09,21:42,N21,high,2.0NRT,300.09,16.06,D,J2,26.939999999999998,2025-01-09 21:42:00+00:00,2025-01-09 22:00:00+00:00
34.20965,-118.06681,335.96,0.44,0.62,2025-01-09,21:42,N21,nominal,2.0NRT,292.14,6.96,D,J2,18.99000000000001,2025-01-09 21:42:00+00:00,2025-01-09 22:00:00+00:00
34.21638,-118.15408,335.63,0.43,0.62,2025-01-09,21:42,N21,nominal,2.0NRT,295.06,5.16,D,J2,21.910000000000025,2025-01-09 21:42:00+00:00,2025-01-09 22:00:00+00:00
34.21908,-118.10524,334.66,0.44,0.62,2025-01-09,21:42,N21,nominal,2.0NRT,295.22,7.61,D,J2,22.07000000000005,2025-01-09 21:42:00+00:00,2025-01-09 22:00:00+00:00
34.21937,-118.09994,330.55,0.44,0.62,2025-01-09,21:42,N21,nominal,2.0NRT,295.15,8.53,D,J2,22.0,2025-01-09 21:42:00+00:00,2025-01-09 22:00:00+00:00
34.22002,-118.08777,329.43,0.44,0.62,2025-01-09,21:42,N21,nominal,2.0NRT,295.59,13.14,D,J2,22.439999999999998,2025-01-09 21:42:00+00:00,2025-01-09 22:00:00+00:00
34.22141,-118.06264,355.41,0.44,0.62,2025-01-09,21:42,N21,nominal,2.0NRT,312.47,118.64,D,J2,39.32000000000005,2025-01-09 21:42:00+00:00,2025-01-09 22:00:00+00:00
34.22166,-118.05782,335.69,0.44,0.62,2025-01-09,21:42,N21,nominal,2.0NRT,295.15,37.55,D,J2,22.0,2025-01-09 21:42:00+00:00,2025-01-09 22:00:00+00:00
34.22027,-118.08324,367.0,0.44,0.62,2025-01-09,21:42,N21,high,2.0NRT,298.66,13.14,D,J2,25.510000000000048,2025-01-09 21:42:00+00:00,2025-01-09 22:00:00+00:00
34.10224,-118.5079,335.46,0.41,0.61,2025-01-09,21:42,N21,nominal,2.0NRT,290.6,6.61,D,J2,17.450000000000045,2025-01-09 21:42:00+00:00,2025-01-09 22:00:00+00:00
34.22048,-118.07942,367.0,0.44,0.62,2025-01-09,21:42,N21,high,2.0NRT,301.52,27.51,D,J2,28.370000000000005,2025-01-09 21:42:00+00:00,2025-01-09 22:00:00+00:00
34.22102,-118.06974,367.0,0.44,0.62,2025-01-09,21:42,N21,high,2.0NRT,325.23,199.48,D,J2,52.08000000000004,2025-01-09 21:42:00+00:00,2025-01-09 22:00:00+00:00
34.21574,-118.06087,355.72,0.44,0.62,2025-01-09,21:42,N21,low,2.0NRT,299.99,118.64,D,J2,26.840000000000032,2025-01-09 21:42:00+00:00,2025-01-09 22:00:00+00:00
34.21482,-118.07764,347.23,0.44,0.62,2025-01-09,21:42,N21,nominal,2.0NRT,298.51,27.51,D,J2,25.360000000000014,2025-01-09 21:42:00+00:00,2025-01-09 22:00:00+00:00
34.21516,-118.07127,346.84,0.44,0.62,2025-01-09,21:42,N21,nominal,2.0NRT,317.13,199.48,D,J2,43.98000000000002,2025-01-09 21:42:00+00:00,2025-01-09 22:00:00+00:00
34.21552,-118.06487,350.01,0.44,0.62,2025-01-09,21:42,N21,nominal,2.0NRT,313.84,118.64,D,J2,40.69,2025-01-09 21:42:00+00:00,2025-01-09 22:00:00+00:00
34.20929,-118.07339,351.2,0.44,0.62,2025-01-09,21:42,N21,nominal,2.0NRT,295.85,12.74,D,J2,22.700000000000045,2025-01-09 21:42:00+00:00,2025-01-09 22:00:00+00:00
34.20947,-118.07011,341.09,0.44,0.62,2025-01-09,21:42,N21,nominal,2.0NRT,293.45,6.96,D,J2,20.30000000000001,2025-01-09 21:42:00+00:00,2025-01-09 22:00:00+00:00
34.22066,-118.07609,367.0,0.44,0.62,2025-01-09,21:42,N21,high,2.0NRT,302.27,27.51,D,J2,29.120000000000005,2025-01-09 21:42:00+00:00,2025-01-09 22:00:00+00:00
34.22686,-118.06833,367.0,0.44,0.62,2025-01-09,21:42,N21,high,2.0NRT,319.87,17.66,D,J2,46.72000000000003,2025-01-09 21:42:00+00:00,2025-01-09 22:00:00+00:00
34.09946,-118.55505,367.0,0.41,0.61,2025-01-09,21:42,N21,high,2.0NRT,356.13,45.11,D,J2,82.98000000000002,2025-01-09 21:42:00+00:00,2025-01-09 22:00:00+00:00
34.10028,-118.54096,367.0,0.41,0.61,2025-01-09,21:42,N21,high,2.0NRT,306.25,25.06,D,J2,33.10000000000002,2025-01-09 21:42:00+00:00,2025-01-09 22:00:00+00:00
34.08698,-118.57635,335.31,0.41,0.61,2025-01-09,21:42,N21,nominal,2.0NRT,299.43,15.62,D,J2,26.28000000000003,2025-01-09 21:42:00+00:00,2025-01-09 22:00:00+00:00
34.08726,-118.57166,335.9,0.41,0.61,2025-01-09,21:42,N21,nominal,2.0NRT,298.66,5.86,D,J2,25.510000000000048,2025-01-09 21:42:00+00:00,2025-01-09 22:00:00+00:00
34.08952,-118.53313,325.74,0.41,0.61,2025-01-09,21:42,N21,nominal,2.0NRT,293.19,2.89,D,J2,20.04000000000002,2025-01-09 21:42:00+00:00,2025-01-09 22:00:00+00:00
34.08982,-118.52784,334.53,0.41,0.61,2025-01-09,21:42,N21,nominal,2.0NRT,295.2,2.22,D,J2,22.05000000000001,2025-01-09 21:42:00+00:00,2025-01-09 22:00:00+00:00
34.06419,-118.67932,342.38,0.4,0.6,2025-01-09,21:42,N21,nominal,2.0NRT,301.6,23.29,D,J2,28.450000000000045,2025-01-09 21:42:00+00:00,2025-01-09 22:00:00+00:00
34.06977,-118.67912,367.0,0.4,0.6,2025-01-09,21:42,N21,high,2.0NRT,315.64,23.29,D,J2,42.49000000000001,2025-01-09 21:42:00+00:00,2025-01-09 22:00:00+00:00
34.07382,-118.61012,331.27,0.41,0.6,2025-01-09,21:42,N21,nominal,2.0NRT,296.55,2.73,D,J2,23.400000000000034,2025-01-09 21:42:00+00:00,2025-01-09 22:00:00+00:00
34.06955,-118.68285,346.59,0.4,0.6,2025-01-09,21:42,N21,nominal,2.0NRT,297.73,28.42,D,J2,24.58000000000004,2025-01-09 21:42:00+00:00,2025-01-09 22:00:00+00:00
34.07553,-118.67583,367.0,0.4,0.6,2025-01-09,21:42,N21,high,2.0NRT,302.1,6.37,D,J2,28.950000000000045,2025-01-09 21:42:00+00:00,2025-01-09 22:00:00+00:00
34.0801,-118.59816,335.87,0.41,0.6,2025-01-09,21:42,N21,nominal,2.0NRT,294.66,70.95,D,J2,21.510000000000048,2025-01-09 21:42:00+00:00,2025-01-09 22:00:00+00:00
34.07572,-118.67272,325.8,0.4,0.6,2025-01-09,21:42,N21,nominal,2.0NRT,298.27,4.56,D,J2,25.120000000000005,2025-01-09 21:42:00+00:00,2025-01-09 22:00:00+00:00
34.07534,-118.679,327.55,0.4,0.6,2025-01-09,21:42,N21,nominal,2.0NRT,299.04,6.37,D,J2,25.890000000000043,2025-01-09 21:42:00+00:00,2025-01-09 22:00:00+00:00
34.08669,-118.5814,367.0,0.41,0.61,2025-01-09,21:42,N21,high,2.0NRT,312.75,15.62,D,J2,39.60000000000002,2025-01-09 21:42:00+00:00,2025-01-09 22:00:00+00:00
34.08614,-118.59064,367.0,0.41,0.61,2025-01-09,21:42,N21,high,2.0NRT,316.14,31.25,D,J2,42.99000000000001,2025-01-09 21:42:00+00:00,2025-01-09 22:00:00+00:00
34.08591,-118.59465,367.0,0.41,0.6,2025-01-09,21:42,N21,high,2.0NRT,302.78,70.95,D,J2,29.629999999999995,2025-01-09 21:42:00+00:00,2025-01-09 22:00:00+00:00
34.0864,-118.58632,353.74,0.41,0.61,2025-01-09,21:42,N21,nominal,2.0NRT,307.36,31.25,D,J2,34.210000000000036,2025-01-09 21:42:00+00:00,2025-01-09 22:00:00+00:00
34.08541,-118.6031,327.18,0.41,0.6,2025-01-09,21:42,N21,nominal,2.0NRT,292.87,46.94,D,J2,19.720000000000027,2025-01-09 21:42:00+00:00,2025-01-09 22:00:00+00:00
34.09391,-118.55402,367.0,0.41,0.61,2025-01-09,21:42,N21,high,2.0NRT,317.29,45.11,D,J2,44.14000000000004,2025-01-09 21:42:00+00:00,2025-01-09 22:00:00+00:00
34.09368,-118.55779,367.0,0.41,0.61,2025-01-09,21:42,N21,high,2.0NRT,299.38,45.11,D,J2,26.230000000000018,2025-01-09 21:42:00+00:00,2025-01-09 22:00:00+00:00
34.10093,-118.53,367.0,0.41,0.61,2025-01-09,21:42,N21,high,2.0NRT,338.34,89.19,D,J2,65.19,2025-01-09 21:42:00+00:00,2025-01-09 22:00:00+00:00
34.10145,-118.52121,367.0,0.41,0.61,2025-01-09,21:42,N21,high,2.0NRT,297.22,17.32,D,J2,24.07000000000005,2025-01-09 21:42:00+00:00,2025-01-09 22:00:00+00:00
34.10168,-118.51725,367.0,0.41,0.61,2025-01-09,21:42,N21,high,2.0NRT,292.04,17.32,D,J2,18.890000000000043,2025-01-09 21:42:00+00:00,2025-01-09 22:00:00+00:00
34.23195,-118.08047,367.0,0.44,0.62,2025-01-09,21:42,N21,high,2.0NRT,302.1,24.92,D,J2,28.950000000000045,2025-01-09 21:42:00+00:00,2025-01-09 22:00:00+00:00
34.09195,-118.58703,339.71,0.41,0.61,2025-01-09,21:42,N21,nominal,2.0NRT,295.81,8.9,D,J2,22.660000000000025,2025-01-09 21:42:00+00:00,2025-01-09 22:00:00+00:00
34.09415,-118.54983,335.8,0.41,0.61,2025-01-09,21:42,N21,nominal,2.0NRT,300.22,29.31,D,J2,27.07000000000005,2025-01-09 21:42:00+00:00,2025-01-09 22:00:00+00:00
34.09444,-118.54504,336.2,0.41,0.61,2025-01-09,21:42,N21,nominal,2.0NRT,298.16,29.31,D,J2,25.010000000000048,2025-01-09 21:42:00+00:00,2025-01-09 22:00:00+00:00
34.09998,-118.54611,367.0,0.41,0.61,2025-01-09,21:42,N21,high,2.0NRT,316.78,29.31,D,J2,43.629999999999995,2025-01-09 21:42:00+00:00,2025-01-09 22:00:00+00:00
34.09476,-118.53945,329.94,0.41,0.61,2025-01-09,21:42,N21,nominal,2.0NRT,293.73,25.06,D,J2,20.58000000000004,2025-01-09 21:42:00+00:00,2025-01-09 22:00:00+00:00
34.09539,-118.52881,330.54,0.41,0.61,2025-01-09,21:42,N21,nominal,2.0NRT,297.1,89.19,D,J2,23.950000000000045,2025-01-09 21:42:00+00:00,2025-01-09 22:00:00+00:00
34.09564,-118.52448,337.17,0.41,0.61,2025-01-09,21:42,N21,nominal,2.0NRT,296.16,89.19,D,J2,23.010000000000048,2025-01-09 21:42:00+00:00,2025-01-09 22:00:00+00:00
34.09588,-118.52039,338.53,0.41,0.61,2025-01-09,21:42,N21,nominal,2.0NRT,291.12,17.32,D,J2,17.970000000000027,2025-01-09 21:42:00+00:00,2025-01-09 22:00:00+00:00
34.09611,-118.51646,331.78,0.41,0.61,2025-01-09,21:42,N21,nominal,2.0NRT,290.74,17.32,D,J2,17.590000000000032,2025-01-09 21:42:00+00:00,2025-01-09 22:00:00+00:00
34.09636,-118.51229,332.67,0.41,0.61,2025-01-09,21:42,N21,nominal,2.0NRT,290.59,6.61,D,J2,17.439999999999998,2025-01-09 21:42:00+00:00,2025-01-09 22:00:00+00:00
34.09667,-118.50691,334.23,0.41,0.61,2025-01-09,21:42,N21,nominal,2.0NRT,287.32,6.61,D,J2,14.170000000000016,2025-01-09 21:42:00+00:00,2025-01-09 22:00:00+00:00
34.09221,-118.58264,367.0,0.41,0.61,2025-01-09,21:42,N21,high,2.0NRT,302.48,15.43,D,J2,29.33000000000004,2025-01-09 21:42:00+00:00,2025-01-09 22:00:00+00:00
34.09509,-118.53389,328.38,0.41,0.61,2025-01-09,21:42,N21,nominal,2.0NRT,297.01,25.06,D,J2,23.860000000000014,2025-01-09 21:42:00+00:00,2025-01-09 22:00:00+00:00
34.08567,-118.59876,367.0,0.41,0.6,2025-01-09,21:42,N21,high,2.0NRT,344.24,70.95,D,J2,71.09000000000003,2025-01-09 21:42:00+00:00,2025-01-09 22:00:00+00:00
34.09008,-118.5234,328.19,0.41,0.61,2025-01-09,21:42,N21,nominal,2.0NRT,295.22,2.22,D,J2,22.07000000000005,2025-01-09 21:42:00+00:00,2025-01-09 22:00:00+00:00
34.10191,-118.51338,367.0,0.41,0.61,2025-01-09,21:42,N21,high,2.0NRT,290.65,6.61,D,J2,17.5,2025-01-09 21:42:00+00:00,2025-01-09 22:00:00+00:00
34.22666,-118.07198,367.0,0.44,0.62,2025-01-09,21:42,N21,high,2.0NRT,312.12,29.9,D,J2,38.97000000000003,2025-01-09 21:42:00+00:00,2025-01-09 22:00:00+00:00
34.2261,-118.08202,367.0,0.44,0.62,2025-01-09,21:42,N21,high,2.0NRT,299.94,24.92,D,J2,26.79000000000002,2025-01-09 21:42:00+00:00,2025-01-09 22:00:00+00:00
34.22561,-118.09103,367.0,0.44,0.62,2025-01-09,21:42,N21,high,2.0NRT,301.55,16.67,D,J2,28.400000000000034,2025-01-09 21:42:00+00:00,2025-01-09 22:00:00+00:00
34.22708,-118.06426,353.17,0.44,0.62,2025-01-09,21:42,N21,nominal,2.0NRT,296.45,17.66,D,J2,23.30000000000001,2025-01-09 21:42:00+00:00,2025-01-09 22:00:00+00:00
34.22588,-118.08613,351.44,0.44,0.62,2025-01-09,21:42,N21,nominal,2.0NRT,301.33,16.67,D,J2,28.180000000000007,2025-01-09 21:42:00+00:00,2025-01-09 22:00:00+00:00
34.22529,-118.09686,340.03,0.44,0.62,2025-01-09,21:42,N21,nominal,2.0NRT,296.23,35.19,D,J2,23.08000000000004,2025-01-09 21:42:00+00:00,2025-01-09 22:00:00+00:00
34.22469,-118.10778,367.0,0.44,0.62,2025-01-09,21:42,N21,high,2.0NRT,298.83,141.92,D,J2,25.680000000000007,2025-01-09 21:42:00+00:00,2025-01-09 22:00:00+00:00
34.22447,-118.11181,354.27,0.44,0.62,2025-01-09,21:42,N21,nominal,2.0NRT,301.51,141.92,D,J2,28.360000000000014,2025-01-09 21:42:00+00:00,2025-01-09 22:00:00+00:00
34.22427,-118.11557,344.89,0.44,0.62,2025-01-09,21:42,N21,nominal,2.0NRT,290.92,72.3,D,J2,17.77000000000004,2025-01-09 21:42:00+00:00,2025-01-09 22:00:00+00:00
34.22649,-118.07512,355.57,0.44,0.62,2025-01-09,21:42,N21,low,2.0NRT,308.88,29.9,D,J2,35.73000000000002,2025-01-09 21:42:00+00:00,2025-01-09 22:00:00+00:00
34.2263,-118.07841,355.54,0.44,0.62,2025-01-09,21:42,N21,low,2.0NRT,305.03,24.92,D,J2,31.879999999999995,2025-01-09 21:42:00+00:00,2025-01-09 22:00:00+00:00
34.23239,-118.07251,367.0,0.44,0.62,2025-01-09,21:42,N21,high,2.0NRT,302.3,29.9,D,J2,29.150000000000034,2025-01-09 21:42:00+00:00,2025-01-09 22:00:00+00:00
34.22495,-118.10311,347.94,0.44,0.62,2025-01-09,21:42,N21,nominal,2.0NRT,298.72,35.19,D,J2,25.57000000000005,2025-01-09 21:42:00+00:00,2025-01-09 22:00:00+00:00
